CLASE ACCIDENTE,FECHA,AÑO,HORA,JORNADA,DIA_SEMANA,BARRIOS-CORREGIMIENTO- VIA,DIRECCION,ZONA,AUTORIDAD,LAT,LONG,HIPOTESIS,CODIGO,CONDICION DE LA VICTIMA,GRAVEDAD,EDAD,GENERO,LESIONADOS Y MUERTOS,CLINICA,CLASE VEHICULO,MARCA,MATRICULA,TIPO DE SERVICIO,EMPRESA
DAÑOS,01/03/2022 12:00:00 AM,"2,022",1899-12-31T15:30:00.000,MAÑANA,LUNES,SANTA BARBARA,CALLE 31 CARRERA 46,URBANA,TECNICO,3.52914,-76.31746,GIRAR BRUSCAMENTE,122,NO APLICA,CHOQUE,28,MASCULINO,NO APLICA,N/A,N/A,N/A,N/A,PARTICULAR,N/A
DAÑOS,01/03/2022 12:00:00 AM,"2,022",1899-12-31T15:30:00.000,MAÑANA,LUNES,SANTA BARBARA,CALLE 31 CARRERA 46,URBANA,TECNICO,3.52914,-76.31746,GIRAR BRUSCAMENTE,122,NO APLICA,CHOQUE,29,FEMENINA,NO APLICA,N/A,N/A,N/A,N/A,PARTICULAR,N/A
DAÑOS,01/03/2022 12:00:00 AM,"2,022",1899-12-31T04:30:00.000,MAÑANA,LUNES,CENTRO,CALLE 31 CARRERA 24,URBANA,TECNICO,3.52755,-76.29545,SEMAFORO EN ROJO,142,NO APLICA,CHOQUE,64,MASCULINO,NO APLICA,N/A,N/A,N/A,N/A,PARTICULAR,N/A
DAÑOS,01/03/2022 12:00:00 AM,"2,022",1899-12-31T08:30:00.000,MAÑANA,LUNES,CENTRO,CALLE 31 CARRERA 24,URBANA,TECNICO,3.52755,-76.29545,SEMAFORO EN ROJO,142,NO APLICA,CHOQUE,62,MASCULINO,NO APLICA,N/A,N/A,N/A,N/A,PARTICULAR,N/A
DAÑOS,01/04/2022 12:00:00 AM,"2,022",1899-12-31T17:20:00.000,TARDE,MARTES,CENTRO COMERCIAL LLANOGRANDE,PARQUIADERO,URBANA,TECNICO,3.52776,-76.31709,NO ESTAR PENDIENTE DE LA VIA,157,NO APLICA,CHOQUE,48,FEMENINA,NO APLICA,N/A,N/A,N/A,N/A,PARTICULAR,N/A
DAÑOS,01/04/2022 12:00:00 AM,"2,022",1899-12-31T17:20:00.000,TARDE,MARTES,CENTRO COMERCIAL LLANOGRANDE,PARQUIADERO,URBANA,TECNICO,3.52776,-76.31709,NO ESTAR PENDIENTE DE LA VIA,157,NO APLICA,CHOQUE,22,MASCULINO,NO APLICA,N/A,N/A,N/A,N/A,PARTICULAR,N/A
DAÑOS,01/05/2022 12:00:00 AM,"2,022",1899-12-31T17:30:00.000,TARDE,MIERCOLES,COLOMBIA,CALLE 31 CARRERA 21,URBANA,TECNICO,3.5272,-76.29292,DESOBEDECER SEÑAL DE PARE,112,NO APLICA,CHOQUE,29,MASCULINO,NO APLICA,N/A,N/A,N/A,N/A,PARTICULAR,N/A
DAÑOS,01/05/2022 12:00:00 AM,"2,022",1899-12-31T17:30:00.000,TARDE,MIERCOLES,COLOMBIA,CALLE 31 CARRERA 21,URBANA,TECNICO,3.5272,-76.29292,DESOBEDECER SEÑAL DE PARE,112,NO APLICA,CHOQUE,41,FEMENINA,NO APLICA,N/A,N/A,N/A,N/A,PARTICULAR,N/A
DAÑOS,01/06/2022 12:00:00 AM,"2,022",1899-12-31T17:45:00.000,TARDE,JUEVES,INDUSTRIAL,CALLE 42 CARRERA 37--35,URBANA,TECNICO,3.53889,-76.30849,CAMBIO DE CARRIL CON O SIN INDICACION,157,NO APLICA,CHOQUE,38,MASCULINO,NO APLICA,N/A,N/A,N/A,N/A,PARTICULAR,N/A
DAÑOS,01/06/2022 12:00:00 AM,"2,022",1899-12-31T17:45:00.000,TARDE,JUEVES,INDUSTRIAL,CALLE 42 CARRERA 37--35,URBANA,TECNICO,3.53889,-76.30849,CAMBIO DE CARRIL CON O SIN INDICACION,157,NO APLICA,CHOQUE,50,MASCULINO,NO APLICA,N/A,N/A,N/A,N/A,PUBLICO,N/A
DAÑOS,01/07/2022 12:00:00 AM,"2,022",1899-12-31T14:50:00.000,TARDE,VIERNES,CENTRO,CALLE 29 CARRERA 31,URBANA,TECNICO,3.52651,-76.30183,SEMAFORO EN ROJO,142,NO APLICA,CHOQUE,75,MASCULINO,NO APLICA,N/A,N/A,N/A,N/A,PARTICULAR,N/A
DAÑOS,01/07/2022 12:00:00 AM,"2,022",1899-12-31T14:50:00.000,TARDE,VIERNES,CENTRO,CALLE 29 CARRERA 31,URBANA,TECNICO,3.52651,-76.30183,SEMAFORO EN ROJO,142,NO APLICA,CHOQUE,26,MASCULINO,NO APLICA,N/A,N/A,N/A,N/A,PARTICULAR,N/A
DAÑOS,01/07/2022 12:00:00 AM,"2,022",1899-12-31T16:00:00.000,TARDE,VIERNES,INDUSTRIAL,CALLE 42 CARRERA 35,URBANA,TECNICO,3.53897,-76.30649,NO ESTAR PENDIENTE DE LA VIA,157,NO APLICA,CHOQUE,57,MASCULINO,NO APLICA,N/A,N/A,N/A,N/A,PUBLICO,N/A
DAÑOS,01/07/2022 12:00:00 AM,"2,022",1899-12-31T16:00:00.000,TARDE,VIERNES,INDUSTRIAL,CALLE 42 CARRERA 35,URBANA,TECNICO,3.53897,-76.30649,NO ESTAR PENDIENTE DE LA VIA,157,NO APLICA,CHOQUE,26,MASCULINO,NO APLICA,N/A,N/A,N/A,N/A,PARTICULAR,N/A
DAÑOS,01/07/2022 12:00:00 AM,"2,022",1899-12-31T18:30:00.000,NOCHE,VIERNES,PRADO,CALLE 35 CARRERA 44,URBANA,TECNICO,3.53219,-76.3149,DESOBEDECER SEÑAL DE PARE,112,NO APLICA,CHOQUE,23,MASCULINO,NO APLICA,N/A,N/A,N/A,N/A,PARTICULAR,N/A
DAÑOS,01/07/2022 12:00:00 AM,"2,022",1899-12-31T18:30:00.000,NOCHE,VIERNES,PRADO,CALLE 35 CARRERA 44,URBANA,TECNICO,3.53219,-76.3149,DESOBEDECER SEÑAL DE PARE,112,NO APLICA,CHOQUE,28,FEMENINA,NO APLICA,N/A,N/A,N/A,N/A,PARTICULAR,N/A
DAÑOS,01/08/2022 12:00:00 AM,"2,022",1899-12-31T10:50:00.000,MAÑANA,SABADO,DELICIAS,CALLE 26 CARRERA 26-21,URBANA,TECNICO,3.52348,-76.29837,ABRIR LA PUERTA SIN PRECAUCION,506,NO APLICA,CHOQUE,27,MASCULINO,NO APLICA,N/A,N/A,N/A,N/A,PARTICULAR,N/A
DAÑOS,01/08/2022 12:00:00 AM,"2,022",1899-12-31T10:50:00.000,MAÑANA,SABADO,DELICIAS,CALLE 26 CARRERA 26-21,URBANA,TECNICO,3.52348,-76.29837,ABRIR LA PUERTA SIN PRECAUCION,506,NO APLICA,CHOQUE,41,MASCULINO,NO APLICA,N/A,N/A,N/A,N/A,PUBLICO,N/A
DAÑOS,01/09/2022 12:00:00 AM,"2,022",1899-12-31T00:30:00.000,MADRUGADA,DOMINGO,COLOMBIA,CALLE 35 CARRERA 29,URBANA,TECNICO,3.53208,-76.29902,DESOBEDECER SEÑAL DE PARE,112,NO APLICA,CHOQUE,36,MASCULINO,NO APLICA,N/A,N/A,N/A,N/A,PARTICULAR,N/A
DAÑOS,01/09/2022 12:00:00 AM,"2,022",1899-12-31T00:30:00.000,MADRUGADA,DOMINGO,COLOMBIA,CALLE 35 CARRERA 29,URBANA,TECNICO,3.53208,-76.29902,DESOBEDECER SEÑAL DE PARE,112,NO APLICA,CHOQUE,35,MASCULINO,NO APLICA,N/A,N/A,N/A,N/A,PARTICULAR,N/A
DAÑOS,01/10/2022 12:00:00 AM,"2,022",1899-12-31T15:00:00.000,TARDE,LUNES,BARRIO NUEVO,CALLLE 27 CARRERA 32,URBANA,TECNICO,3.52495,-76.3029,GIRAR BRUSCAMENTE,122,NO APLICA,CHOQUE,58,MASCULINO,NO APLICA,N/A,N/A,N/A,N/A,PARTICULAR,N/A
DAÑOS,01/10/2022 12:00:00 AM,"2,022",1899-12-31T15:00:00.000,TARDE,LUNES,BARRIO NUEVO,CALLLE 27 CARRERA 32,URBANA,TECNICO,3.52495,-76.3029,GIRAR BRUSCAMENTE,122,NO APLICA,CHOQUE,29,MASCULINO,NO APLICA,N/A,N/A,N/A,N/A,PARTICULAR,N/A
DAÑOS,01/10/2022 12:00:00 AM,"2,022",1899-12-31T17:40:00.000,TARDE,LUNES,CENTRO,CALLE 30 CARRERA 33,URBANA,TECNICO,3.52755,-76.30334,DESOBEDECER SEÑAL DE PARE,112,NO APLICA,CHOQUE,45,MASCULINO,NO APLICA,N/A,N/A,N/A,N/A,PUBLICO,N/A
DAÑOS,01/10/2022 12:00:00 AM,"2,022",1899-12-31T17:40:00.000,TARDE,LUNES,CENTRO,CALLE 30 CARRERA 33,URBANA,TECNICO,3.52755,-76.30334,DESOBEDECER SEÑAL DE PARE,112,NO APLICA,CHOQUE,59,MASCULINO,NO APLICA,N/A,N/A,N/A,N/A,PARTICULAR,N/A
DAÑOS,01/11/2022 12:00:00 AM,"2,022",1899-12-31T11:40:00.000,MAÑANA,MARTES,VERSALLES,CALLE 42 CARRERA 28,URBANA,TECNICO,3.53787,-76.29704,GIRAR BRUSCAMENTE,122,NO APLICA,CHOQUE,30,MASCULINO,NO APLICA,N/A,N/A,N/A,N/A,PARTICULAR,N/A
DAÑOS,01/11/2022 12:00:00 AM,"2,022",1899-12-31T11:40:00.000,MAÑANA,MARTES,VERSALLES,CALLE 42 CARRERA 28,URBANA,TECNICO,3.53787,-76.29704,GIRAR BRUSCAMENTE,122,NO APLICA,CHOQUE,57,MASCULINO,NO APLICA,N/A,N/A,N/A,N/A,PARTICULAR,N/A
DAÑOS,01/01/2022 12:00:00 AM,"2,022",1899-12-31T11:40:00.000,MAÑANA,SABADO,VIA PRODESAL - LA TINAJA,KM 9 + 200 MTS,RURAL,POLICIA,3.5458,-76.41464,OTRA,157,NO APLICA,CHOQUE,28,MASCULINO,NO APLICA,N/A,N/A,N/A,N/A,PARTICULAR,N/A
DAÑOS,01/07/2022 12:00:00 AM,"2,022",1899-12-31T11:00:00.000,MAÑANA,VIERNES,VIA CALI - PALMIRA NORTE,KM 9+ 300 MTS,RURAL,POLICIA,3.50973,-76.404,PONER EN MARCHA VEHICULO SIN PRECAUCION,143,NO APLICA,CHOQUE,29,MASCULINO,NO APLICA,N/A,N/A,N/A,N/A,PARTICULAR,N/A
DAÑOS,01/14/2022 12:00:00 AM,"2,022",1899-12-31T23:00:00.000,NOCHE,VIERNES,VIA CALI - PALMIRA NORTE,KM 16 + 700 MTS,RURAL,POLICIA,3.52378,-76.34186,OTRA,157,NO APLICA,CHOQUE,32,MASCULINO,NO APLICA,N/A,N/A,N/A,N/A,PARTICULAR,N/A
DAÑOS,01/06/2022 12:00:00 AM,"2,022",1899-12-31T07:25:00.000,MAÑANA,JUEVES,VIA CENCAR - AEREOPUERTO,KM 9 + 100 MTS,RURAL,POLICIA,3.54511,-76.41464,NO MANTENER DISTANCIA SEGURIDAD,121,NO APLICA,CHOQUE,30,MASCULINO,NO APLICA,N/A,N/A,N/A,N/A,PARTICULAR,N/A
DAÑOS,01/12/2022 12:00:00 AM,"2,022",1899-12-31T10:40:00.000,MAÑANA,MIERCOLES,VIA PALMIRA GUAYABAL,KM 1,RURAL,TECNICO,3.54453,-76.26754,ARRANCAR SIN PRECAUCION,145,NO APLICA,CHOQUE,76,FEMENINA,NO APLICA,N/A,N/A,N/A,N/A,PARTICULAR,N/A
DAÑOS,01/12/2022 12:00:00 AM,"2,022",1899-12-31T10:40:00.000,MAÑANA,MIERCOLES,VIA PALMIRA GUAYABAL,KM 1,RURAL,TECNICO,3.54453,-76.26754,ARRANCAR SIN PRECAUCION,145,NO APLICA,CHOQUE,56,MASCULINO,NO APLICA,N/A,N/A,N/A,N/A,OFICIAL,N/A
DAÑOS,01/12/2022 12:00:00 AM,"2,022",1899-12-31T13:00:00.000,TARDE,MIERCOLES,CENTRO,CALLE 31 CARRERA 24-25,URBANA,TECNICO,3.5276,-76.29589,NO MANTENER DISTANCIA SEGURIDAD,121,NO APLICA,CHOQUE,24,MASCULINO,NO APLICA,N/A,N/A,N/A,N/A,PARTICULAR,N/A
DAÑOS,01/12/2022 12:00:00 AM,"2,022",1899-12-31T13:00:00.000,TARDE,MIERCOLES,CENTRO,CALLE 31 CARRERA 24-25,URBANA,TECNICO,3.5276,-76.29589,NO MANTENER DISTANCIA SEGURIDAD,121,NO APLICA,CHOQUE,43,MASCULINO,NO APLICA,N/A,N/A,N/A,N/A,PARTICULAR,N/A
DAÑOS,01/13/2022 12:00:00 AM,"2,022",1899-12-31T07:00:00.000,MAÑANA,JUEVES,SANTA RITA,CALLE 33 CARRERA 26,URBANA,TECNICO,3.53007,-76.29675,DESOBEDECER SEÑAL DE PARE,112,NO APLICA,CHOQUE,52,MASCULINO,NO APLICA,N/A,N/A,N/A,N/A,PARTICULAR,N/A
DAÑOS,01/13/2022 12:00:00 AM,"2,022",1899-12-31T07:00:00.000,MAÑANA,JUEVES,SANTA RITA,CALLE 33 CARRERA 26,URBANA,TECNICO,3.53007,-76.29675,DESOBEDECER SEÑAL DE PARE,112,NO APLICA,CHOQUE,47,MASCULINO,NO APLICA,N/A,N/A,N/A,N/A,PARTICULAR,N/A
DAÑOS,01/13/2022 12:00:00 AM,"2,022",1899-12-31T11:30:00.000,MAÑANA,JUEVES,RINCON DEL BOSQUE,CALLE 31 CARRERA 9,URBANA,TECNICO,3.52592,-76.28334,DESOBEDECER SEÑAL DE PARE,112,NO APLICA,CHOQUE,40,FEMENINA,NO APLICA,N/A,N/A,N/A,N/A,PARTICULAR,N/A
DAÑOS,01/13/2022 12:00:00 AM,"2,022",1899-12-31T11:30:00.000,MAÑANA,JUEVES,RINCON DEL BOSQUE,CALLE 31 CARRERA 9,URBANA,TECNICO,3.52592,-76.28334,DESOBEDECER SEÑAL DE PARE,112,NO APLICA,CHOQUE,30,MASCULINO,NO APLICA,N/A,N/A,N/A,N/A,PARTICULAR,N/A
DAÑOS,01/13/2022 12:00:00 AM,"2,022",1899-12-31T15:45:00.000,TARDE,JUEVES,SANTA BARBARA,CARRERA 35 CALLE 31-42,URBANA,TECNICO,3.52903,-76.30572,NO MANTENER DISTANCIA SEGURIDAD,121,NO APLICA,CHOQUE,34,MASCULINO,NO APLICA,N/A,N/A,N/A,N/A,PARTICULAR,N/A
DAÑOS,01/13/2022 12:00:00 AM,"2,022",1899-12-31T15:45:00.000,TARDE,JUEVES,SANTA BARBARA,CARRERA 35 CALLE 31-42,URBANA,TECNICO,3.52903,-76.30572,NO MANTENER DISTANCIA SEGURIDAD,121,NO APLICA,CHOQUE,55,MASCULINO,NO APLICA,N/A,N/A,N/A,N/A,PARTICULAR,N/A
DAÑOS,01/13/2022 12:00:00 AM,"2,022",1899-12-31T15:45:00.000,TARDE,JUEVES,SANTA BARBARA,CARRERA 35 CALLE 31-42,URBANA,TECNICO,3.52903,-76.30572,NO MANTENER DISTANCIA SEGURIDAD,121,NO APLICA,CHOQUE,53,MASCULINO,NO APLICA,N/A,N/A,N/A,N/A,PUBLICO,N/A
DAÑOS,01/15/2022 12:00:00 AM,"2,022",1899-12-31T13:20:00.000,TARDE,SABADO,BENEDICTA,CALE 47 CARRERA 34,URBANA,TECNICO,3.54244,-76.30188,NO ESTAR PENDIENTE DE LA VIA,157,NO APLICA,CHOQUE,19,MASCULINO,NO APLICA,N/A,N/A,N/A,N/A,PARTICULAR,N/A
DAÑOS,01/15/2022 12:00:00 AM,"2,022",1899-12-31T13:20:00.000,TARDE,SABADO,BENEDICTA,CALE 47 CARRERA 34,URBANA,TECNICO,3.54244,-76.30188,NO ESTAR PENDIENTE DE LA VIA,157,NO APLICA,CHOQUE,27,MASCULINO,NO APLICA,N/A,N/A,N/A,N/A,PARTICULAR,N/A
DAÑOS,01/18/2022 12:00:00 AM,"2,022",1899-12-31T22:20:00.000,NOCHE,MARTES,PRADO,CALLE 42 CARRERA 41-69,URBANA,TECNICO,3.53882,-76.31134,PERDIDA DEL CONTROL DEL VEHICULO,157,NO APLICA,CHOQUE,47,MASCULINO,NO APLICA,N/A,N/A,N/A,N/A,PARTICULAR,N/A
DAÑOS,01/24/2022 12:00:00 AM,"2,022",1899-12-31T13:07:00.000,TARDE,LUNES,RECREO,CALLE 22 CARRERA 26,URBANA,TECNICO,3.52005,-76.29834,DESOBEDECER SEÑAL DE PARE,112,NO APLICA,CHOQUE,56,MASCULINO,NO APLICA,N/A,N/A,N/A,N/A,PARTICULAR,N/A
DAÑOS,01/24/2022 12:00:00 AM,"2,022",1899-12-31T13:07:00.000,TARDE,LUNES,RECREO,CALLE 22 CARRERA 26,URBANA,TECNICO,3.52005,-76.29834,DESOBEDECER SEÑAL DE PARE,112,NO APLICA,CHOQUE,61,MASCULINO,NO APLICA,N/A,N/A,N/A,N/A,PUBLICO,N/A
DAÑOS,01/17/2022 12:00:00 AM,"2,022",1899-12-31T15:30:00.000,TARDE,LUNES,PRADO,CALLE 42 CARRERA 40,URBANA,TECNICO,3.53893,-76.31066,NO ESTAR PENDIENTE DE LA VIA,157,NO APLICA,CHOQUE,34,MASCULINO,NO APLICA,N/A,N/A,N/A,N/A,PARTICULAR,N/A
DAÑOS,01/17/2022 12:00:00 AM,"2,022",1899-12-31T15:30:00.000,TARDE,LUNES,PRADO,CALLE 42 CARRERA 40,URBANA,TECNICO,3.53893,-76.31066,NO ESTAR PENDIENTE DE LA VIA,157,NO APLICA,CHOQUE,51,MASCULINO,NO APLICA,N/A,N/A,N/A,N/A,PUBLICO,N/A
DAÑOS,01/19/2022 12:00:00 AM,"2,022",1899-12-31T07:20:00.000,MAÑANA,MIERCOLES,INDUSTRIAL,CALLE 42 CARRERA 35 SUR,URBANA,TECNICO,3.53873,-76.30614,NO MANTENER DISTANCIA SEGURIDAD,121,NO APLICA,CHOQUE,32,MASCULINO,NO APLICA,N/A,N/A,N/A,N/A,PARTICULAR,N/A
DAÑOS,01/19/2022 12:00:00 AM,"2,022",1899-12-31T07:20:00.000,MAÑANA,MIERCOLES,INDUSTRIAL,CALLE 42 CARRERA 35 SUR,URBANA,TECNICO,3.53873,-76.30614,NO MANTENER DISTANCIA SEGURIDAD,121,NO APLICA,CHOQUE,38,MASCULINO,NO APLICA,N/A,N/A,N/A,N/A,PUBLICO,N/A
DAÑOS,01/19/2022 12:00:00 AM,"2,022",1899-12-31T12:00:00.000,TARDE,MIERCOLES,CENTRO,CARRERA 26 CALLE 32-10,URBANA,TECNICO,3.52852,-76.29691,NO MANTENER DISTANCIA SEGURIDAD,121,NO APLICA,CHOQUE,57,MASCULINO,NO APLICA,N/A,N/A,N/A,N/A,PARTICULAR,N/A
DAÑOS,01/19/2022 12:00:00 AM,"2,022",1899-12-31T12:00:00.000,TARDE,MIERCOLES,CENTRO,CARRERA 26 CALLE 32-10,URBANA,TECNICO,3.52852,-76.29691,NO MANTENER DISTANCIA SEGURIDAD,121,NO APLICA,CHOQUE,71,MASCULINO,NO APLICA,N/A,N/A,N/A,N/A,PARTICULAR,N/A
DAÑOS,01/19/2022 12:00:00 AM,"2,022",1899-12-31T12:15:00.000,TARDE,MIERCOLES,COLOMBIA,CALLE 29 CARRERA 20-18,URBANA,TECNICO,3.52521,-76.29279,NO MANTENER DISTANCIA SEGURIDAD,121,NO APLICA,CHOQUE,30,MASCULINO,NO APLICA,N/A,N/A,N/A,N/A,PUBLICO,N/A
DAÑOS,01/19/2022 12:00:00 AM,"2,022",1899-12-31T12:15:00.000,TARDE,MIERCOLES,COLOMBIA,CALLE 29 CARRERA 20-18,URBANA,TECNICO,3.52521,-76.29279,NO MANTENER DISTANCIA SEGURIDAD,121,NO APLICA,CHOQUE,48,MASCULINO,NO APLICA,N/A,N/A,N/A,N/A,PUBLICO,N/A
DAÑOS,01/19/2022 12:00:00 AM,"2,022",1899-12-31T14:40:00.000,TARDE,MIERCOLES,ZAMORANO,DIAGONAL 65 CARRERA 28,URBANA,TECNICO,3.55226,-76.29357,PONER EN MARCHA VEHICULO SIN PRECAUCION,143,NO APLICA,CHOQUE,44,MASCULINO,NO APLICA,N/A,N/A,N/A,N/A,PARTICULAR,N/A
DAÑOS,01/19/2022 12:00:00 AM,"2,022",1899-12-31T14:40:00.000,TARDE,MIERCOLES,ZAMORANO,DIAGONAL 65 CARRERA 28,URBANA,TECNICO,3.55226,-76.29357,PONER EN MARCHA VEHICULO SIN PRECAUCION,143,NO APLICA,CHOQUE,70,MASCULINO,NO APLICA,N/A,N/A,N/A,N/A,PARTICULAR,N/A
DAÑOS,01/20/2022 12:00:00 AM,"2,022",1899-12-31T17:10:00.000,TARDE,JUEVES,LORETO,CALLE 37 CARRERA 35,URBANA,TECNICO,3.53489,-76.30586,ARRANCAR SIN PRECAUCION,145,NO APLICA,CHOQUE,66,FEMENINA,NO APLICA,N/A,N/A,N/A,N/A,PARTICULAR,N/A
DAÑOS,01/20/2022 12:00:00 AM,"2,022",1899-12-31T17:10:00.000,TARDE,JUEVES,LORETO,CALLE 37 CARRERA 35,URBANA,TECNICO,3.53489,-76.30586,ARRANCAR SIN PRECAUCION,145,NO APLICA,CHOQUE,59,MASCULINO,NO APLICA,N/A,N/A,N/A,N/A,PARTICULAR,N/A
DAÑOS,01/21/2022 12:00:00 AM,"2,022",1899-12-31T15:00:00.000,TARDE,VIERNES,PRADO,CARRERA 40 CALLE 37,URBANA,TECNICO,3.53417,-76.31022,DESOBEDECER SEÑAL DE PARE,112,NO APLICA,CHOQUE,66,MASCULINO,NO APLICA,N/A,N/A,N/A,N/A,PARTICULAR,N/A
DAÑOS,01/21/2022 12:00:00 AM,"2,022",1899-12-31T15:00:00.000,TARDE,VIERNES,PRADO,CARRERA 40 CALLE 37,URBANA,TECNICO,3.53417,-76.31022,DESOBEDECER SEÑAL DE PARE,112,NO APLICA,CHOQUE,56,FEMENINA,NO APLICA,N/A,N/A,N/A,N/A,PARTICULAR,N/A
DAÑOS,01/21/2022 12:00:00 AM,"2,022",1899-12-31T23:30:00.000,NOCHE,VIERNES,CUIDAD DEL CAMPO,CALLE 101 CARRERA 32,URBANA,TECNICO,3.4572,-76.46466,REVERSO IMPRUDENTE,134,NO APLICA,CHOQUE,19,MASCULINO,NO APLICA,N/A,N/A,N/A,N/A,PARTICULAR,N/A
DAÑOS,01/21/2022 12:00:00 AM,"2,022",1899-12-31T23:30:00.000,NOCHE,VIERNES,CUIDAD DEL CAMPO,CALLE 101 CARRERA 32,URBANA,TECNICO,3.4572,-76.46466,REVERSO IMPRUDENTE,134,NO APLICA,CHOQUE,24,MASCULINO,NO APLICA,N/A,N/A,N/A,N/A,PARTICULAR,N/A
DAÑOS,01/23/2022 12:00:00 AM,"2,022",1899-12-31T00:40:00.000,MADRUGADA,DOMINGO,SANTA ISABEL,CARRERA 30 CALLE 43,URBANA,TECNICO,3.53886,-76.29867,GIRAR BRUSCAMENTE,122,NO APLICA,CHOQUE,38,MASCULINO,NO APLICA,N/A,N/A,N/A,N/A,PARTICULAR,N/A
DAÑOS,01/23/2022 12:00:00 AM,"2,022",1899-12-31T00:40:00.000,MADRUGADA,DOMINGO,SANTA ISABEL,CARRERA 30 CALLE 43,URBANA,TECNICO,3.53886,-76.29867,GIRAR BRUSCAMENTE,122,NO APLICA,CHOQUE,22,MASCULINO,NO APLICA,N/A,N/A,N/A,N/A,PUBLICO,N/A
DAÑOS,01/23/2022 12:00:00 AM,"2,022",1899-12-31T03:00:00.000,MADRUGADA,DOMINGO,ZAMORANO,CARRERA 28 CALLE 69-79,URBANA,TECNICO,3.55641,-76.2916,PERDIDA DEL CONTROL DEL VEHICULO,157,NO APLICA,VOLCAMIENTO,17,FEMENINA,NO APLICA,N/A,N/A,N/A,N/A,PARTICULAR,N/A
DAÑOS,01/23/2022 12:00:00 AM,"2,022",1899-12-31T04:50:00.000,MADRUGADA,DOMINGO,OLIMPICO,CALLE 27 CARRERA 34-09,URBANA,TECNICO,3.52532,-76.30536,REALIZAR GIRO A LA IZQUIERDA SIN PRECAUCION,157,NO APLICA,CHOQUEOBJETO FIJO INMUEBLE,60,MASCULINO,NO APLICA,N/A,N/A,N/A,N/A,PARTICULAR,N/A
DAÑOS,01/24/2022 12:00:00 AM,"2,022",1899-12-31T18:00:00.000,NOCHE,LUNES,MERCEDES,CALLE 55 CARRERA 26,URBANA,TECNICO,3.54695,-76.29117,FRENAR BRUSCAMENTE,119,NO APLICA,CHOQUE,23,MASCULINO,NO APLICA,N/A,N/A,N/A,N/A,PARTICULAR,N/A
DAÑOS,01/24/2022 12:00:00 AM,"2,022",1899-12-31T18:00:00.000,NOCHE,LUNES,MERCEDES,CALLE 55 CARRERA 26,URBANA,TECNICO,3.54695,-76.29117,FRENAR BRUSCAMENTE,119,NO APLICA,CHOQUE,32,MASCULINO,NO APLICA,N/A,N/A,N/A,N/A,PARTICULAR,N/A
DAÑOS,01/25/2022 12:00:00 AM,"2,022",1899-12-31T16:00:00.000,TARDE,MARTES,ESTONIA,CALLE 42 CARRERA 32B,URBANA,TECNICO,3.53845,-76.30179,NO ESTAR PENDIENTE DE LA VIA,157,NO APLICA,CHOQUE,41,MASCULINO,NO APLICA,N/A,N/A,N/A,N/A,PUBLICO,N/A
DAÑOS,01/25/2022 12:00:00 AM,"2,022",1899-12-31T16:00:00.000,TARDE,MARTES,ESTONIA,CALLE 42 CARRERA 32B,URBANA,TECNICO,3.53845,-76.30179,NO ESTAR PENDIENTE DE LA VIA,157,NO APLICA,CHOQUE,36,MASCULINO,NO APLICA,N/A,N/A,N/A,N/A,PARTICULAR,N/A
DAÑOS,01/26/2022 12:00:00 AM,"2,022",1899-12-31T08:20:00.000,MAÑANA,MIERCOLES,CENTRO,CALLE 31 CARRERA 24,URBANA,TECNICO,3.52755,-76.29544,SEMAFOROS CON DAÑOS,157,NO APLICA,CHOQUE,74,MASCULINO,NO APLICA,N/A,N/A,N/A,N/A,PARTICULAR,N/A
DAÑOS,01/26/2022 12:00:00 AM,"2,022",1899-12-31T08:20:00.000,MAÑANA,MIERCOLES,CENTRO,CALLE 31 CARRERA 24,URBANA,TECNICO,3.52755,-76.29544,SEMAFOROS CON DAÑOS,157,NO APLICA,CHOQUE,21,MASCULINO,NO APLICA,N/A,N/A,N/A,N/A,PARTICULAR,N/A
DAÑOS,01/30/2022 12:00:00 AM,"2,022",1899-12-31T11:20:00.000,MAÑANA,DOMINGO,ESTONIA,CALLE 45 CARRERA 31-80,URBANA,TECNICO,3.5404,-76.30029,POR ESTABLECER,157,NO APLICA,CHOQUE VEHICULO ESTACIONADO,32,FEMENINA,NO APLICA,N/A,N/A,N/A,N/A,PARTICULAR,N/A
DAÑOS,01/29/2022 12:00:00 AM,"2,022",1899-12-31T13:40:00.000,TARDE,SABADO,URIBE,CALLE 35 CARRERA 22,URBANA,TECNICO,3.53133,-76.29325,DESOBEDECER SEÑAL DE PARE,112,NO APLICA,CHOQUE,23,MASCULINO,NO APLICA,N/A,N/A,N/A,N/A,PARTICULAR,N/A