CLASE ACCIDENTE,FECHA,AÑO,HORA,JORNADA,DIA_SEMANA,BARRIOS-CORREGIMIENTO- VIA,DIRECCION,ZONA,AUTORIDAD,LAT,LONG,HIPOTESIS,CODIGO,CONDICION DE LA VICTIMA,GRAVEDAD,EDAD,GENERO,LESIONADOS Y MUERTOS,CLINICA,CLASE VEHICULO,MARCA,MATRICULA,TIPO DE SERVICIO,EMPRESA
DAÑOS,02/25/2022 12:00:00 AM,"2,022",1899-12-31T13:35:00.000,TARDE,VIERNES,CENTRO,CALLE 27  CARRERA 30-57,URBANA,TECNICO,3.52477,-76.30148,PONER EN MARCHA VEHICULO SIN PRECAUCION,143,NO APLICA,CHOQUE,42,MASCULINO,NO APLICA,N/A,N/A,N/A,N/A,PARTICULAR,N/A
DAÑOS,02/26/2022 12:00:00 AM,"2,022",1899-12-31T20:20:00.000,NOCHE,SABADO,VERSALLES,CARRERA 29 CALLE 42A,URBANA,TECNICO,3.53834,-76.29805,REVERSO IMPRUDENTE,134,NO APLICA,CHOQUE,54,MASCULINO,NO APLICA,N/A,N/A,N/A,N/A,PARTICULAR,N/A
DAÑOS,02/28/2022 12:00:00 AM,"2,022",1899-12-31T19:30:00.000,NOCHE,LUNES,SAN PEDRO,CALLE 42 CARRERA 19,URBANA,TECNICO,3.53706,-76.29064,NO MANTENER DISTANCIA SEGURIDAD,121,NO APLICA,CHOQUE,20,MASCULINO,NO APLICA,N/A,N/A,N/A,N/A,PARTICULAR,N/A
DAÑOS,02/28/2022 12:00:00 AM,"2,022",1899-12-31T19:30:00.000,NOCHE,LUNES,SAN PEDRO,CALLE 42 CARRERA 19,URBANA,TECNICO,3.53706,-76.29064,NO MANTENER DISTANCIA SEGURIDAD,121,NO APLICA,CHOQUE,52,FEMENINA,NO APLICA,N/A,N/A,N/A,N/A,PARTICULAR,N/A
DAÑOS,02/27/2022 12:00:00 AM,"2,022",1899-12-31T12:10:00.000,TARDE,DOMINGO,SESQUI,CARRERA 32 CALLE 10,URBANA,TECNICO,3.50992,-76.30744,NO MANTENER DISTANCIA SEGURIDAD,121,NO APLICA,CHOQUE,45,MASCULINO,NO APLICA,N/A,N/A,N/A,N/A,PARTICULAR,N/A
DAÑOS,02/27/2022 12:00:00 AM,"2,022",1899-12-31T12:10:00.000,TARDE,DOMINGO,SESQUI,CARRERA 32 CALLE 10,URBANA,TECNICO,3.50992,-76.30744,NO MANTENER DISTANCIA SEGURIDAD,121,NO APLICA,CHOQUE,34,FEMENINA,NO APLICA,N/A,N/A,N/A,N/A,PARTICULAR,N/A
DAÑOS,03/01/2022 12:00:00 AM,"2,022",1899-12-31T17:30:00.000,TARDE,MARTES,COLOMBIA,CARRERA 33 CALLE 36-47,URBANA,TECNICO,3.53397,-76.3027,REVERSO IMPRUDENTE,134,NO APLICA,CHOQUE,56,MASCULINO,NO APLICA,N/A,N/A,N/A,N/A,PARTICULAR,N/A
DAÑOS,03/01/2022 12:00:00 AM,"2,022",1899-12-31T17:30:00.000,TARDE,MARTES,COLOMBIA,CARRERA 33 CALLE 36-47,URBANA,TECNICO,3.53397,-76.3027,REVERSO IMPRUDENTE,134,NO APLICA,CHOQUE,42,MASCULINO,NO APLICA,N/A,N/A,N/A,N/A,PARTICULAR,N/A
DAÑOS,03/20/2022 12:00:00 AM,"2,022",1899-12-31T05:00:00.000,MADRUGADA,MIERCOLES,VIA CALI - PALMIRA SUR,KM 15+ 890 MTS,RURAL,POLICIA,3.5228,-76.34683,OTRA,157,NO APLICA,CHOQUE,33,MASCULINO,NO APLICA,N/A,N/A,N/A,N/A,PARTICULAR,N/A
DAÑOS,03/20/2022 12:00:00 AM,"2,022",1899-12-31T19:25:00.000,NOCHE,DOMINGO,CENTRO,CALLE 29 CARRERA 32-20,URBANA,TECNICO,3.52666,-76.30305,ARRANCAR SIN PRECAUCION,145,NO APLICA,CHOQUE,32,FEMENINA,NO APLICA,N/A,N/A,N/A,N/A,PARTICULAR,N/A
DAÑOS,03/20/2022 12:00:00 AM,"2,022",1899-12-31T19:25:00.000,NOCHE,DOMINGO,CENTRO,CALLE 29 CARRERA 32-20,URBANA,TECNICO,3.52666,-76.30305,ARRANCAR SIN PRECAUCION,145,NO APLICA,CHOQUE,52,MASCULINO,NO APLICA,N/A,N/A,N/A,N/A,PUBLICO,N/A
DAÑOS,04/17/2022 12:00:00 AM,"2,022",1899-12-31T10:20:00.000,MAÑANA,DOMINGO,VERSALLES,CALLE 41 CARRERA 28,URBANA,TECNICO,3.53719,-76.29735,TRANSITAR ENTRE VEHICULOS,98,NO APLICA,CHOQUE,29,MASCULINO,NO APLICA,N/A,N/A,N/A,N/A,PARTICULAR,N/A
DAÑOS,04/17/2022 12:00:00 AM,"2,022",1899-12-31T10:20:00.000,MAÑANA,DOMINGO,VERSALLES,CALLE 41 CARRERA 28,URBANA,TECNICO,3.53719,-76.29735,TRANSITAR ENTRE VEHICULOS,98,NO APLICA,CHOQUE,51,MASCULINO,NO APLICA,N/A,N/A,N/A,N/A,PUBLICO,N/A
DAÑOS,04/29/2022 12:00:00 AM,"2,022",1899-12-31T14:40:00.000,TARDE,VIERNES,AEROPUERTO,SEGINDO PISO PUERTA DOS,RURAL,TECNICO,3.53607,-76.38794,NO MANTENER DISTANCIA SEGURIDAD,121,NO APLICA,CHOQUE,25,FEMENINA,NO APLICA,N/A,N/A,N/A,N/A,PARTICULAR,N/A
DAÑOS,04/29/2022 12:00:00 AM,"2,022",1899-12-31T14:40:00.000,TARDE,VIERNES,AEROPUERTO,SEGINDO PISO PUERTA DOS,RURAL,TECNICO,3.53607,-76.38794,NO MANTENER DISTANCIA SEGURIDAD,121,NO APLICA,CHOQUE,48,FEMENINA,NO APLICA,N/A,N/A,N/A,N/A,PARTICULAR,N/A
DAÑOS,05/08/2022 12:00:00 AM,"2,022",1899-12-31T14:05:00.000,TARDE,DOMINGO,AEROPUERTO,CONDOR 11,RURAL,TECNICO,3.53549,-76.38908,NO MANTENER DISTANCIA SEGURIDAD,121,NO APLICA,CHOQUE,26,MASCULINO,NO APLICA,N/A,N/A,N/A,N/A,PARTICULAR,N/A
DAÑOS,05/08/2022 12:00:00 AM,"2,022",1899-12-31T14:05:00.000,TARDE,DOMINGO,AEROPUERTO,CONDOR 11,RURAL,TECNICO,3.53549,-76.38908,NO MANTENER DISTANCIA SEGURIDAD,121,NO APLICA,CHOQUE,61,FEMENINA,NO APLICA,N/A,N/A,N/A,N/A,PARTICULAR,N/A
DAÑOS,05/23/2022 12:00:00 AM,"2,022",1899-12-31T17:10:00.000,TARDE,LUNES,SEMBRADOR,AVENIDAD 19 CARRERA 18-19,URBANA,TECNICO,3.51689,-76.29086,NO MANTENER DISTANCIA SEGURIDAD,121,NO APLICA,CHOQUE,46,MASCULINO,NO APLICA,N/A,N/A,N/A,N/A,PARTICULAR,N/A
DAÑOS,05/23/2022 12:00:00 AM,"2,022",1899-12-31T17:10:00.000,TARDE,LUNES,SEMBRADOR,AVENIDAD 19 CARRERA 18-19,URBANA,TECNICO,3.51689,-76.29086,NO MANTENER DISTANCIA SEGURIDAD,121,NO APLICA,CHOQUE,78,MASCULINO,NO APLICA,N/A,N/A,N/A,N/A,PARTICULAR,N/A
DAÑOS,06/04/2022 12:00:00 AM,"2,022",1899-12-31T20:10:00.000,NOCHE,SABADO,CENTRO,CARRERA 33 A CALLE 30-55,URBANA,TECNICO,3.52801,-76.30439,NO MANTENER DISTANCIA SEGURIDAD,121,NO APLICA,CHOQUE,26,MASCULINO,NO APLICA,N/A,N/A,N/A,N/A,PARTICULAR,N/A
DAÑOS,06/04/2022 12:00:00 AM,"2,022",1899-12-31T20:10:00.000,NOCHE,SABADO,CENTRO,CARRERA 33 A CALLE 30-55,URBANA,TECNICO,3.52801,-76.30439,NO MANTENER DISTANCIA SEGURIDAD,121,NO APLICA,CHOQUE,29,FEMENINA,NO APLICA,N/A,N/A,N/A,N/A,PARTICULAR,N/A
DAÑOS,06/26/2022 12:00:00 AM,"2,022",1899-12-31T16:30:00.000,tARDE,DOMINGO,AEROPUERTO,SEGUNDO PISO PUERTA DOS,RURAL,TECNICO,3.53608,-76.3872,ABRIR LA PUERTA SIN PRECAUCION,506,NO APLICA,CHOQUE,63,MASCULINO,NO APLICA,N/A,N/A,N/A,N/A,PARTICULAR,N/A
DAÑOS,06/26/2022 12:00:00 AM,"2,022",1899-12-31T16:30:00.000,tARDE,DOMINGO,AEROPUERTO,SEGUNDO PISO PUERTA DOS,RURAL,TECNICO,3.53608,-76.3872,ABRIR LA PUERTA SIN PRECAUCION,506,NO APLICA,CHOQUE,61,FEMENINA,NO APLICA,N/A,N/A,N/A,N/A,PARTICULAR,N/A
DAÑOS,07/09/2022 12:00:00 AM,"2,022",1899-12-31T14:15:00.000,TARDE,SABADO,VERSALLES,CALLE 42 CARRERA 29-29,URBANA,TECNICO,3.5381,-76.29832,TRANSITAR ENTRE VEHICULOS,98,NO APLICA,CHOQUE,42,MASCULINO,NO APLICA,N/A,N/A,N/A,N/A,PARTICULAR,N/A
DAÑOS,07/09/2022 12:00:00 AM,"2,022",1899-12-31T14:15:00.000,TARDE,SABADO,VERSALLES,CALLE 42 CARRERA 29-29,URBANA,TECNICO,3.5381,-76.29832,TRANSITAR ENTRE VEHICULOS,98,NO APLICA,CHOQUE,41,MASCULINO,NO APLICA,N/A,N/A,N/A,N/A,PARTICULAR,N/A
DAÑOS,07/09/2022 12:00:00 AM,"2,022",1899-12-31T22:50:00.000,NOCHE,SABADO,AEROPUERTO,PUERTA PISO 1,RURAL,TECNICO,3.53601,-76.38791,EMBRIAGUEZ APARENTE,114,NO APLICA,CHOQUE OBJETO FIJO  BARANDA,39,MASCULINO,NO APLICA,N/A,N/A,N/A,N/A,PARTICULAR,N/A
DAÑOS,04/09/2022 12:00:00 AM,"2,022",1899-12-31T10:40:00.000,MAÑANA,SABADO,AEROPUERTO,PISO 1 PUERTA 2,RURAL,TECNICO,3.53524,-76.38837,ARRANCAR SIN PRECAUCION,145,NO APLICA,CHOQUE,39,MASCULINO,NO APLICA,N/A,N/A,N/A,N/A,PARTICULAR,N/A
DAÑOS,04/09/2022 12:00:00 AM,"2,022",1899-12-31T10:40:00.000,MAÑANA,SABADO,AEROPUERTO,PISO 1 PUERTA 2,RURAL,TECNICO,3.53524,-76.38837,ARRANCAR SIN PRECAUCION,145,NO APLICA,CHOQUE,29,MASCULINO,NO APLICA,N/A,N/A,N/A,N/A,PARTICULAR,N/A
DAÑOS,10/03/2022 12:00:00 AM,"2,022",1899-12-31T01:35:00.000,MADRUGADA,LUNES,VERSALLES,CALLE 42 CARRERA 29-44,URBANA,TECNICO,3.5381,-76.29828,CAMBIO DE CARRIL CON O SIN INDICACION,157,NO APLICA,CHOQUE,45,MASCULINO,NO APLICA,N/A,N/A,N/A,N/A,PARTICULAR,N/A
DAÑOS,10/03/2022 12:00:00 AM,"2,022",1899-12-31T01:35:00.000,MADRUGADA,LUNES,VERSALLES,CALLE 42 CARRERA 29-44,URBANA,TECNICO,3.5381,-76.29828,CAMBIO DE CARRIL CON O SIN INDICACION,157,NO APLICA,CHOQUE,15,MASCULINO,NO APLICA,N/A,N/A,N/A,N/A,PARTICULAR,N/A
DAÑOS,10/22/2022 12:00:00 AM,"2,022",1899-12-31T18:50:00.000,NOCHE,SABADO,SANTA ANA,CALLE 35 CARRERA 47,URBANA,TECNICO,3.53212,-76.31789,NO MANTENER DISTANCIA SEGURIDAD,121,NO APLICA,CHOQUE,22,MASCULINO,NO APLICA,N/A,N/A,N/A,N/A,PARTICULAR,N/A
DAÑOS,10/22/2022 12:00:00 AM,"2,022",1899-12-31T18:50:00.000,NOCHE,SABADO,SANTA ANA,CALLE 35 CARRERA 47,URBANA,TECNICO,3.53212,-76.31789,NO MANTENER DISTANCIA SEGURIDAD,121,NO APLICA,CHOQUE,44,MASCULINO,NO APLICA,N/A,N/A,N/A,N/A,PARTICULAR,N/A
DAÑOS,10/28/2022 12:00:00 AM,"2,022",1899-12-31T06:30:00.000,MAÑANA,VIERNES,CENTRO,CALLE 29 CARRERA 29,URBANA,TECNICO,3.52617,-76.29988,NO RESPETAR PRELACION,132,NO APLICA,CHOQUE,71,MASCULINO,NO APLICA,N/A,N/A,N/A,N/A,PARTICULAR,N/A
DAÑOS,10/28/2022 12:00:00 AM,"2,022",1899-12-31T06:30:00.000,MAÑANA,VIERNES,CENTRO,CALLE 29 CARRERA 29,URBANA,TECNICO,3.52617,-76.29988,NO RESPETAR PRELACION,132,NO APLICA,CHOQUE,48,FEMENINA,NO APLICA,N/A,N/A,N/A,N/A,PARTICULAR,N/A
DAÑOS,10/27/2022 12:00:00 AM,"2,022",1899-12-31T13:10:00.000,TARDE,JUEVES,CENTRO,CALLE 27 CARRERA 33,URBANA,TECNICO,3.52517,-76.30454,DESOBEDECER SEÑAL DE PARE,112,NO APLICA,CHOQUE,49,FEMENINA,NO APLICA,N/A,N/A,N/A,N/A,PARTICULAR,N/A
DAÑOS,10/27/2022 12:00:00 AM,"2,022",1899-12-31T13:10:00.000,TARDE,JUEVES,CENTRO,CALLE 27 CARRERA 33,URBANA,TECNICO,3.52517,-76.30454,DESOBEDECER SEÑAL DE PARE,112,NO APLICA,CHOQUE,47,FEMENINA,NO APLICA,N/A,N/A,N/A,N/A,PARTICULAR,N/A
DAÑOS,11/02/2022 12:00:00 AM,"2,022",1899-12-31T10:30:00.000,MAÑANA,MIERCOLES,VIA PALMIRA TABLONES,KM 13,RURAL,TECNICO,3.59092,-76.20739,PERDIDA DEL CONTROL DEL VEHICULO,157,NO APLICA,CHOQUE OBJETO FIJO POSTE,47,MASCULINO,NO APLICA,N/A,N/A,N/A,N/A,PARTICULAR,N/A
DAÑOS,11/03/2022 12:00:00 AM,"2,022",1899-12-31T11:00:00.000,MAÑANA,JUEVES,BARRIO NUEVO,CALLE 26 CARRERA 30,URBANA,TECNICO,3.52385,-76.30138,DESOBEDECER SEÑAL DE PARE,112,NO APLICA,CHOQUE,58,FEMENINA,NO APLICA,N/A,N/A,N/A,N/A,PUBLICO,N/A
DAÑOS,11/03/2022 12:00:00 AM,"2,022",1899-12-31T11:00:00.000,MAÑANA,JUEVES,BARRIO NUEVO,CALLE 26 CARRERA 30,URBANA,TECNICO,3.52385,-76.30138,DESOBEDECER SEÑAL DE PARE,112,NO APLICA,CHOQUE,31,MASCULINO,NO APLICA,N/A,N/A,N/A,N/A,PUBLICO,N/A
DAÑOS,11/03/2022 12:00:00 AM,"2,022",1899-12-31T14:15:00.000,TARDE,JUEVES,URIBE,CALLLE 33 CARRERA 24,URBANA,TECNICO,3.52986,-76.29516,DESOBEDECER SEÑAL DE PARE,112,NO APLICA,CHOQUE,66,MASCULINO,NO APLICA,N/A,N/A,N/A,N/A,PUBLICO,N/A
DAÑOS,11/03/2022 12:00:00 AM,"2,022",1899-12-31T14:15:00.000,TARDE,JUEVES,URIBE,CALLLE 33 CARRERA 24,URBANA,TECNICO,3.52986,-76.29516,DESOBEDECER SEÑAL DE PARE,112,NO APLICA,CHOQUE,45,MASCULINO,NO APLICA,N/A,N/A,N/A,N/A,PARTICULAR,N/A
DAÑOS,11/09/2022 12:00:00 AM,"2,022",1899-12-31T11:40:00.000,MAÑANA,MIERCOLES,RECREO,CALLE 22 CARRERA 24,URBANA,TECNICO,3.51972,-76.29586,NO RESPETAR PRELACION,132,NO APLICA,CHOQUE,60,MASCULINO,NO APLICA,N/A,N/A,N/A,N/A,PARTICULAR,N/A
DAÑOS,11/09/2022 12:00:00 AM,"2,022",1899-12-31T11:40:00.000,MAÑANA,MIERCOLES,RECREO,CALLE 22 CARRERA 24,URBANA,TECNICO,3.51972,-76.29586,NO RESPETAR PRELACION,132,NO APLICA,CHOQUE,39,MASCULINO,NO APLICA,N/A,N/A,N/A,N/A,PARTICULAR,N/A
DAÑOS,11/11/2022 12:00:00 AM,"2,022",1899-12-31T03:20:00.000,MADRUGADA,VIERNES,CHAPINERO,DIAGONAL 30 CALLE 14A,URBANA,TECNICO,3.51387,-76.3036,PERDIDA DEL CONTROL DEL VEHICULO,157,NO APLICA,CHOQUE OBJETO FIJO INMUEBLE,25,MASCULINO,NO APLICA,N/A,N/A,N/A,N/A,PARTICULAR,N/A
DAÑOS,11/12/2022 12:00:00 AM,"2,022",1899-12-31T12:00:00.000,TARDE,SABADO,LAS FLORES,CARRERA 1 CALLE 30-31,URBANA,TECNICO,3.52329,-76.27853,NO MANTENER DISTANCIA SEGURIDAD,121,NO APLICA,CHOQUE,82,MASCULINO,NO APLICA,N/A,N/A,N/A,N/A,PARTICULAR,N/A
DAÑOS,11/12/2022 12:00:00 AM,"2,022",1899-12-31T12:00:00.000,TARDE,SABADO,LAS FLORES,CARRERA 1 CALLE 30-31,URBANA,TECNICO,3.52329,-76.27853,NO MANTENER DISTANCIA SEGURIDAD,121,NO APLICA,CHOQUE,32,MASCULINO,NO APLICA,N/A,N/A,N/A,N/A,PARTICULAR,N/A
DAÑOS,11/12/2022 12:00:00 AM,"2,022",1899-12-31T12:00:00.000,TARDE,SABADO,LAS FLORES,CARRERA 1 CALLE 30-31,URBANA,TECNICO,3.52329,-76.27853,NO MANTENER DISTANCIA SEGURIDAD,121,NO APLICA,CHOQUE,54,MASCULINO,NO APLICA,N/A,N/A,N/A,N/A,PARTICULAR,N/A
DAÑOS,11/12/2022 12:00:00 AM,"2,022",1899-12-31T12:00:00.000,TARDE,SABADO,LAS FLORES,CARRERA 1 CALLE 30-31,URBANA,TECNICO,3.52329,-76.27853,NO MANTENER DISTANCIA SEGURIDAD,121,NO APLICA,CHOQUE,34,FEMENINA,NO APLICA,N/A,N/A,N/A,N/A,PARTICULAR,N/A
DAÑOS,11/20/2022 12:00:00 AM,"2,022",1899-12-31T08:30:00.000,MAÑANA,DOMINGO,LOS PINOS,CALLE 42 CARRERA 25,URBANA,TECNICO,3.5376,-76.29451,NO MANTENER DISTANCIA SEGURIDAD,121,NO APLICA,CHOQUE,21,MASCULINO,NO APLICA,N/A,N/A,N/A,N/A,PARTICULAR,N/A
DAÑOS,11/20/2022 12:00:00 AM,"2,022",1899-12-31T08:30:00.000,MAÑANA,DOMINGO,LOS PINOS,CALLE 42 CARRERA 25,URBANA,TECNICO,3.5376,-76.29451,NO MANTENER DISTANCIA SEGURIDAD,121,NO APLICA,CHOQUE,23,MASCULINO,NO APLICA,N/A,N/A,N/A,N/A,PARTICULAR,N/A
DAÑOS,11/20/2022 12:00:00 AM,"2,022",1899-12-31T09:00:00.000,MAÑANA,DOMINGO,DANUBIO,CALLE 34A CARRERA 17,URBANA,TECNICO,3.53069,-76.28872,DESOBEDECER SEÑAL DE PARE,112,NO APLICA,CHOQUE,65,MASCULINO,NO APLICA,N/A,N/A,N/A,N/A,PARTICULAR,N/A
DAÑOS,11/20/2022 12:00:00 AM,"2,022",1899-12-31T09:00:00.000,MAÑANA,DOMINGO,DANUBIO,CALLE 34A CARRERA 17,URBANA,TECNICO,3.53069,-76.28872,DESOBEDECER SEÑAL DE PARE,112,NO APLICA,CHOQUE,63,MASCULINO,NO APLICA,N/A,N/A,N/A,N/A,PARTICULAR,N/A
DAÑOS,11/21/2022 12:00:00 AM,"2,022",1899-12-31T05:50:00.000,MADRUGADA,LUNES,SANTA MARIA DEL PALMAR,CALLE 44 CARRERA 1,URBANA,TECNICO,3.54092,-76.27761,NO ESTAR PENDIENTE DE LA VIA,157,NO APLICA,CHOQUE,32,FEMENINA,NO APLICA,N/A,N/A,N/A,N/A,PARTICULAR,N/A
DAÑOS,11/21/2022 12:00:00 AM,"2,022",1899-12-31T05:50:00.000,MADRUGADA,LUNES,SANTA MARIA DEL PALMAR,CALLE 44 CARRERA 1,URBANA,TECNICO,3.54092,-76.27761,NO ESTAR PENDIENTE DE LA VIA,157,NO APLICA,CHOQUE,29,MASCULINO,NO APLICA,N/A,N/A,N/A,N/A,PARTICULAR,N/A
DAÑOS,11/21/2022 12:00:00 AM,"2,022",1899-12-31T12:00:00.000,TARDE,LUNES,POPULAR MODELO,CALLE 32 CARRERA 1,URBANA,TECNICO,3.52621,-76.27783,NO ESTAR PENDIENTE DE LA VIA,157,NO APLICA,CHOQUE,82,MASCULINO,NO APLICA,N/A,N/A,N/A,N/A,PARTICULAR,N/A
DAÑOS,11/21/2022 12:00:00 AM,"2,022",1899-12-31T12:00:00.000,TARDE,LUNES,POPULAR MODELO,CALLE 32 CARRERA 1,URBANA,TECNICO,3.52621,-76.27783,NO ESTAR PENDIENTE DE LA VIA,157,NO APLICA,CHOQUE,36,MASCULINO,NO APLICA,N/A,N/A,N/A,N/A,PARTICULAR,N/A
DAÑOS,11/24/2022 12:00:00 AM,"2,022",1899-12-31T12:50:00.000,TARDE,JUEVES,URIBE,CALLE 34 CARRERA 22,URBANA,TECNICO,3.53045,-76.29338,ARRANCAR SIN PRECAUCION,145,NO APLICA,CHOQUE,44,MASCULINO,NO APLICA,N/A,N/A,N/A,N/A,PARTICULAR,N/A
DAÑOS,11/24/2022 12:00:00 AM,"2,022",1899-12-31T12:50:00.000,TARDE,JUEVES,URIBE,CALLE 34 CARRERA 22,URBANA,TECNICO,3.53045,-76.29338,ARRANCAR SIN PRECAUCION,145,NO APLICA,CHOQUE,76,MASCULINO,NO APLICA,N/A,N/A,N/A,N/A,PARTICULAR,N/A
DAÑOS,11/26/2022 12:00:00 AM,"2,022",1899-12-31T09:26:00.000,MAÑANA,SABADO,CENTRO,CALLE 29 CARRERA 26-50,URBANA,TECNICO,3.52588,-76.29766,NO ESTAR PENDIENTE DE LA VIA,157,NO APLICA,CHOQUE,35,MASCULINO,NO APLICA,N/A,N/A,N/A,N/A,PARTICULAR,N/A
DAÑOS,11/26/2022 12:00:00 AM,"2,022",1899-12-31T09:26:00.000,MAÑANA,SABADO,CENTRO,CALLE 29 CARRERA 26-50,URBANA,TECNICO,3.52588,-76.29766,NO ESTAR PENDIENTE DE LA VIA,157,NO APLICA,CHOQUE,42,MASCULINO,NO APLICA,N/A,N/A,N/A,N/A,PARTICULAR,N/A
DAÑOS,11/25/2022 12:00:00 AM,"2,022",1899-12-31T23:15:00.000,NOCHE,VIERNES,GUAYACANES DEL SUR,CARRERA 33 CALLE 16A,URBANA,TECNICO,3.5162,-76.30573,ADELANTAR EN SITIO PROHIBIDO,105,NO APLICA,CHOQUE,43,FEMENINA,NO APLICA,N/A,N/A,N/A,N/A,PARTICULAR,N/A
DAÑOS,11/25/2022 12:00:00 AM,"2,022",1899-12-31T23:15:00.000,NOCHE,VIERNES,GUAYACANES DEL SUR,CARRERA 33 CALLE 16A,URBANA,TECNICO,3.5162,-76.30573,ADELANTAR EN SITIO PROHIBIDO,105,NO APLICA,CHOQUE,32,MASCULINO,NO APLICA,N/A,N/A,N/A,N/A,PARTICULAR,N/A
DAÑOS,11/28/2022 12:00:00 AM,"2,022",1899-12-31T14:30:00.000,TARDE,LUNES,COLOMBINA,CALLE 27 CARRERA 16A,URBANA,TECNICO,3.52323,-76.28894,NO ESTAR PENDIENTE DE LA VIA,157,NO APLICA,CHOQUE,33,MASCULINO,NO APLICA,N/A,N/A,N/A,N/A,PARTICULAR,N/A
DAÑOS,11/28/2022 12:00:00 AM,"2,022",1899-12-31T14:30:00.000,TARDE,LUNES,COLOMBINA,CALLE 27 CARRERA 16A,URBANA,TECNICO,3.52323,-76.28894,NO ESTAR PENDIENTE DE LA VIA,157,NO APLICA,CHOQUE,44,MASCULINO,NO APLICA,N/A,N/A,N/A,N/A,PARTICULAR,N/A
DAÑOS,11/30/2022 12:00:00 AM,"2,022",1899-12-31T21:45:00.000,NOCHE,MIERCOLES,INDUSTRIAL,CALLE 42 CARRERA 35,URBANA,TECNICO,3.53874,-76.30648,GIRAR BRUSCAMENTE,122,NO APLICA,CHOQUE,23,MASCULINO,NO APLICA,N/A,N/A,N/A,N/A,PARTICULAR,N/A
DAÑOS,11/30/2022 12:00:00 AM,"2,022",1899-12-31T21:45:00.000,NOCHE,MIERCOLES,INDUSTRIAL,CALLE 42 CARRERA 35,URBANA,TECNICO,3.53874,-76.30648,GIRAR BRUSCAMENTE,122,NO APLICA,CHOQUE,24,MASCULINO,NO APLICA,N/A,N/A,N/A,N/A,PARTICULAR,N/A
DAÑOS,06/30/2022 12:00:00 AM,"2,022",1899-12-31T17:30:00.000,TARDE,VIERNES,LA TRINIDAD,CARRERA 25 CALLE 28,URBANA,TECNICO,3.52489,-76.29671,ARRANCAR SIN PRECAUCION,145,NO APLICA,CHOQUE,61,MASCULINO,NO APLICA,N/A,N/A,N/A,N/A,PARTICULAR,N/A
DAÑOS,03/08/2022 12:00:00 AM,"2,022",1899-12-31T20:50:00.000,NOCHE,MARTES,ZAMORANO,CALLE 65A CARRERA 28-141,URBANA,TECNICO,3.55285,-76.29468,NO ESTAR PENDIENTE DE LA VIA,157,NO APLICA,CHOQUE,65,MASCULINO,NO APLICA,N/A,N/A,N/A,N/A,PARTICULAR,N/A
DAÑOS,04/16/2022 12:00:00 AM,"2,022",1899-12-31T20:15:00.000,NOCHE,SABADO,ESTONIA,CARRERA 32 CALLE 45-14,URBANA,TECNICO,3.54065,-76.3007,NO ESTAR PENDIENTE DE LA VIA,157,NO APLICA,CHOQUE,55,MASCULINO,NO APLICA,N/A,N/A,N/A,N/A,PARTICULAR,N/A
DAÑOS,08/02/2022 12:00:00 AM,"2,022",1899-12-31T10:10:00.000,MAÑANA,MARTES,ITALIA,DIAGONAL 29 TRANSVERSAL 8,URBANA,TECNICO,3.508,-76.30255,DESOBEDECER SEÑAL DE PARE,112,NO APLICA,CHOQUE,39,MASCULINO,NO APLICA,N/A,N/A,N/A,N/A,PARTICULAR,N/A
DAÑOS,04/27/2022 12:00:00 AM,"2,022",1899-12-31T19:00:00.000,NOCHE,MIERCOLES,PARAISO,VIA PALMIRA  KM  100,URBANA,TECNICO,3.51734,-76.27444,NO MANTENER DISTANCIA SEGURIDAD,121,NO APLICA,CHOQUE,40,MASCULINO,NO APLICA,N/A,N/A,N/A,N/A,PARTICULAR,N/A
DAÑOS,10/01/2022 12:00:00 AM,"2,022",1899-12-31T16:10:00.000,TARDE,SABADO,SANTA RITA,CALLE 35 CARRERA 27,URBANA,TECNICO,3.53183,-76.29717,DESOBEDECER SEÑAL DE PARE,112,NO APLICA,CHOQUE,47,MASCULINO,NO APLICA,N/A,N/A,N/A,N/A,PARTICULAR,N/A
DAÑOS,07/26/2022 12:00:00 AM,"2,022",1899-12-31T10:30:00.000,MAÑANA,MARTES,SANTA RITA,CALLE 34 CARRERA 27,URBANA,TECNICO,3.5307,-76.29508,DESOBEDECER SEÑAL DE PARE,112,NO APLICA,CHOQUE,28,FEMENINA,NO APLICA,N/A,N/A,N/A,N/A,PARTICULAR,N/A
DAÑOS,03/02/2022 12:00:00 AM,"2,022",1899-12-31T07:30:00.000,MAÑANA,MIERCOLES,SANTA RITA,CARRERA 28 CALLE 37A,URBANA,TECNICO,3.53422,-76.2978,NO MANTENER DISTANCIA SEGURIDAD,121,NO APLICA,CHOQUE,34,MASCULINO,NO APLICA,N/A,N/A,N/A,N/A,PARTICULAR,N/A