CLASE ACCIDENTE,FECHA,AÑO,HORA,JORNADA,DIA_SEMANA,BARRIOS-CORREGIMIENTO- VIA,DIRECCION,ZONA,AUTORIDAD,LAT,LONG,HIPOTESIS,CODIGO,CONDICION DE LA VICTIMA,GRAVEDAD,EDAD,GENERO,LESIONADOS Y MUERTOS,CLINICA,CLASE VEHICULO,MARCA,MATRICULA,TIPO DE SERVICIO,EMPRESA
DAÑOS,04/11/2022 12:00:00 AM,"2,022",1899-12-31T10:10:00.000,MAÑANA,LUNES,PRADO,CALLE 42 CARRERA 39-12,URBANA,TECNICO,3.53896,-76.30993,NO MANTENER DISTANCIA SEGURIDAD,121,NO APLICA,CHOQUE,22,MASCULINO,NO APLICA,N/A,N/A,N/A,N/A,PARTICULAR,N/A
DAÑOS,04/22/2022 12:00:00 AM,"2,022",1899-12-31T13:50:00.000,TARDE,VIERNES,VERSALLES,CALLE 42 CARRERA 28,URBANA,TECNICO,3.53808,-76.29739,ADELANTAR CERRANDO,103,NO APLICA,CHOQUE,22,MASCULINO,NO APLICA,N/A,N/A,N/A,N/A,PUBLICO,N/A
DAÑOS,06/25/2022 12:00:00 AM,"2,022",1899-12-31T12:00:00.000,MAÑANA,SABADO,CHAPINERO,CARRERA 32 CALLE 16,URBANA,TECNICO,3.51635,-76.30489,DESOBEDECER SEÑAL DE PARE,112,NO APLICA,CHOQUE,23,MASCULINO,NO APLICA,N/A,N/A,N/A,N/A,PARTICULAR,N/A
DAÑOS,05/03/2022 12:00:00 AM,"2,022",1899-12-31T16:54:00.000,TARDE,MARTES,BRISAS DEL BOLO,CALLE 32 CARRERA 35,URBANA,TECNICO,3.53107,-76.30514,ARRANCAR SIN PRECAUCION,145,NO APLICA,CHOQUE,48,MASCULINO,NO APLICA,N/A,N/A,N/A,N/A,PARTICULAR,N/A
DAÑOS,05/06/2022 12:00:00 AM,"2,022",1899-12-31T22:50:00.000,NOCHE,VIERNES,CENTRO,CALLE 29 CARRERA 24,URBANA,TECNICO,3.52561,-76.29572,SEMAFORO EN ROJO,142,NO APLICA,CHOQUE,41,MASCULINO,NO APLICA,N/A,N/A,N/A,N/A,PARTICULAR,N/A
DAÑOS,06/08/2022 12:00:00 AM,"2,022",1899-12-31T10:30:00.000,MAÑANA,MIERCOLES,OBRERO,CALLE 42 CARERAS 25 Y 26,URBANA,TECNICO,3.53763,-76.295,NO MANTENER DISTANCIA SEGURIDAD,121,MOTOCICLISTA,CHOQUE,30,MASCULINO,NO APLICA,N/A,N/A,N/A,N/A,PARTICULAR,N/A
DAÑOS,04/25/2022 12:00:00 AM,"2,022",1899-12-31T14:00:00.000,TARDE,DOMINGO,MERCEDES,CALLE 65 CARRERA 26A-73,URBANA,TECNICO,3.55135,-76.29081,NO ESTAR PENDIENTE DE LA VIA,157,NO APLICA,CHOQUE,40,MASCULINO,NO APLICA,N/A,N/A,N/A,N/A,PARTICULAR,N/A
DAÑOS,03/18/2022 12:00:00 AM,"2,022",1899-12-31T20:30:00.000,NOCHE,VIERNES,SANTA RITA,CARRERA 29 CALLE 35,URBANA,TECNICO,3.53209,-76.29897,NO RESPETAR PRELACION,132,NO APLICA,CHOQUE,28,MASCULINO,NO APLICA,N/A,N/A,N/A,N/A,PARTICULAR,N/A
DAÑOS,04/30/2022 12:00:00 AM,"2,022",1899-12-31T13:50:00.000,TARDE,SABADO,INDUSTRIAL,CALLE 42 CARRERA 34B-172,URBANA,TECNICO,3.53898,-76.30653,CAMBIO DE CARRIL CON O SIN INDICACION,157,NO APLICA,CHOQUE,56,MASCULINO,NO APLICA,N/A,N/A,N/A,N/A,PARTICULAR,N/A
DAÑOS,04/29/2022 12:00:00 AM,"2,022",1899-12-31T07:30:00.000,MAÑANA,VIERNES,URIBE,CALLE 35 CARRERA 20,URBANA,TECNICO,3.5311,-76.29157,DESOBEDECER SEÑAL DE PARE,112,NO APLICA,CHOQUE,64,MASCULINO,NO APLICA,N/A,N/A,N/A,N/A,PARTICULAR,N/A
DAÑOS,05/15/2022 12:00:00 AM,"2,022",1899-12-31T17:35:00.000,TARDE,DOMINGO,SAN ISABEL,CARRERA 28 CALLE 44-205,URBANA,TECNICO,3.53956,-76.29695,NO MANTENER DISTANCIA SEGURIDAD,121,NO APLICA,CHOQUE,49,MASCULINO,NO APLICA,N/A,N/A,N/A,N/A,PARTICULAR,N/A
DAÑOS,06/01/2022 12:00:00 AM,"2,022",1899-12-31T16:15:00.000,TARDE,MIERCOLES,BARRIO NUEVO,CARRERA 32 CALLE 23,URBANA,TECNICO,3.52149,-76.30339,NO MANTENER DISTANCIA SEGURIDAD,121,NO APLICA,CHOQUE,31,MASCULINO,NO APLICA,N/A,N/A,N/A,N/A,PARTICULAR,N/A
DAÑOS,06/12/2022 12:00:00 AM,"2,022",1899-12-31T17:00:00.000,TARDE,DOMINGO,CENTRO POBLADO LA TORRE,CALLE 10 CARRERA 17-321,RURAL,TECNICO,3.61702,-76.40839,ADELANTAR ZONA PROHIBIDAD,105,NO APLICA,CHOQUE,23,MASCULINO,NO APLICA,N/A,N/A,N/A,N/A,PARTICULAR,N/A
DAÑOS,06/22/2022 12:00:00 AM,"2,022",1899-12-31T17:30:00.000,TARDE,MIERCOLES,ZAMORANO,CALLE 65 FRENTE No. 31B-26,URBANA,TECNICO,3.55462,-76.29827,TRANSITAR CON LAS PUERTAS ABIERTAS,154,NO APLICA,CHOQUE,51,MASCULINO,NO APLICA,N/A,N/A,N/A,N/A,PARTICULAR,N/A
DAÑOS,04/07/2022 12:00:00 AM,"2,022",1899-12-31T16:00:00.000,TARDE,JUEVES,SAN CAYETANO,CALLE 42 CARRERA 26-53,URBANA,TECNICO,3.53784,-76.29591,NO RESPETAR PRELACION,132,NO APLICA,CHOQUE,32,MASCULINO,NO APLICA,N/A,N/A,N/A,N/A,PARTICULAR,N/A
DAÑOS,05/18/2022 12:00:00 AM,"2,022",1899-12-31T09:30:00.000,MAÑANA,MIERCOLES,ZAMORANO,CARRERA 28 CALLE 69C,URBANA,TECNICO,3.55621,-76.29158,ARRANCAR SIN PRECAUCION,145,NO APLICA,CHOQUE,25,FEMENINA,NO APLICA,N/A,N/A,N/A,N/A,PARTICULAR,N/A
DAÑOS,05/03/2022 12:00:00 AM,"2,022",1899-12-31T10:40:00.000,MAÑANA,MARTES,COLOMBIA,CALLE 33 CARRERA 33,URBANA,TECNICO,3.53104,-76.303,SEMAFORO EN ROJO,142,NO APLICA,CHOQUE,58,MASCULINO,NO APLICA,N/A,N/A,N/A,N/A,PUBLICO,N/A
DAÑOS,07/10/2022 12:00:00 AM,"2,022",1899-12-31T17:10:00.000,TARDE,DOMINGO,ALFONSO LOPEZ,CALLE 42 CARRERA 32,URBANA,TECNICO,3.53837,-76.30089,ARRANCAR SIN PRECAUCION,145,NO APLICA,CHOQUE,18,MASCULINO,NO APLICA,N/A,N/A,N/A,N/A,PARTICULAR,N/A
DAÑOS,06/25/2022 12:00:00 AM,"2,022",1899-12-31T12:00:00.000,MAÑANA,SABADO,CHAPINERO,CARRERA 32 CALLE 16,URBANA,TECNICO,3.51635,-76.30489,DESOBEDECER SEÑAL DE PARE,112,NO APLICA,CHOQUE,19,FEMENINA,NO APLICA,N/A,N/A,N/A,N/A,PARTICULAR,N/A
DAÑOS,05/12/2022 12:00:00 AM,"2,022",1899-12-31T16:20:00.000,TARDE,JUEVES,SANTA RITA,CARRERA 28 CALLE 33-19,URBANA,TECNICO,3.53071,-76.29834,NO MANTENER DISTANCIA SEGURIDAD,121,NO APLICA,CHOQUE,32,FEMENINA,NO APLICA,N/A,N/A,N/A,N/A,PARTICULAR,N/A
DAÑOS,04/19/2022 12:00:00 AM,"2,022",1899-12-31T13:00:00.000,TARDE,MARTES,LORETO,CALLE 37 CARRERA 34,URBANA,TECNICO,3.5345,-76.30354,ARRANCAR SIN PRECAUCION,145,NO APLICA,CHOQUE,36,MASCULINO,NO APLICA,N/A,N/A,N/A,N/A,PARTICULAR,N/A
DAÑOS,05/12/2022 12:00:00 AM,"2,022",1899-12-31T16:20:00.000,TARDE,JUEVES,SANTA RITA,CARRERA 28 CALLE 33-19,URBANA,TECNICO,3.53071,-76.29834,NO MANTENER DISTANCIA SEGURIDAD,121,NO APLICA,CHOQUE,36,MASCULINO,NO APLICA,N/A,N/A,N/A,N/A,PUBLICO,N/A
DAÑOS,10/01/2022 12:00:00 AM,"2,022",1899-12-31T16:10:00.000,TARDE,SABADO,SANTA RITA,CALLE 35 CARRERA 27,URBANA,TECNICO,3.53183,-76.29717,DESOBEDECER SEÑAL DE PARE,112,NO APLICA,CHOQUE,30,MASCULINO,NO APLICA,N/A,N/A,N/A,N/A,PARTICULAR,N/A
DAÑOS,10/21/2022 12:00:00 AM,"2,022",1899-12-31T15:40:00.000,TARDE,VIERNES,LORETTO,CARRERA 35 CALLE 36-25,URBANA,TECNICO,3.53444,-76.30575,REALIZAR MANIOBRAS PELIGROSAS,157,NO APLICA,CHOQUE,31,MASCULINO,NO APLICA,N/A,N/A,N/A,N/A,PARTICULAR,N/A
DAÑOS,06/03/2022 12:00:00 AM,"2,022",1899-12-31T21:15:00.000,NOCHE,VIERNES,ALTAMIRA,CALLE 48 CARRERA 25A,URBANA,TECNICO,3.54343,-76.2939,NO ESTAR PENDIENTE DE LA VIA,157,NO APLICA,CHOQUE,26,MASCULINO,NO APLICA,N/A,N/A,N/A,N/A,PARTICULAR,N/A
DAÑOS,04/22/2022 12:00:00 AM,"2,022",1899-12-31T21:30:00.000,MAÑANA,VIERNES,ZAMORANO,CALLE 65 DIAGONAL 31,URBANA,TECNICO,3.55471,-76.29748,NO MANTENER DISTANCIA SEGURIDAD,121,NO APLICA,CHOQUE,33,MASCULINO,NO APLICA,N/A,N/A,N/A,N/A,PARTICULAR,N/A
DAÑOS,06/10/2022 12:00:00 AM,"2,022",1899-12-31T07:30:00.000,MAÑANA,VIERNES,SESQUI,CARRERA 32 UNIVERSIDAD NACIONAL,URBANA,TECNICO,3.51164,-76.30664,NO MANTENER DISTANCIA SEGURIDAD,121,NO APLICA,CHOQUE,33,MASCULINO,NO APLICA,N/A,N/A,N/A,N/A,PARTICULAR,N/A
DAÑOS,02/07/2022 12:00:00 AM,"2,022",1899-12-31T09:40:00.000,MAÑANA,LUNES,PORTAL DE LAS PALMAS,CARRERA 45A CALLE 49-44,URBANA,TECNICO,3.54369,-76.31716,NO SABER MANIOBRAR EN UNA SITUACION DE PELIGRO,157,NO APLICA,CHOQUE,29,MASCULINO,NO APLICA,N/A,N/A,N/A,N/A,PARTICULAR,N/A
DAÑOS,02/11/2022 12:00:00 AM,"2,022",1899-12-31T14:30:00.000,TARDE,VIERNES,BENEDICTA,CARRERA 34B CALLE 48A,URBANA,TECNICO,3.54357,-76.30358,FRENAR BRUSCAMENTE,119,NO APLICA,CHOQUE,31,MASCULINO,NO APLICA,N/A,N/A,N/A,N/A,PARTICULAR,N/A
DAÑOS,03/06/2022 12:00:00 AM,"2,022",1899-12-31T14:50:00.000,TARDE,DOMINGO,SANTA RITA,CARRERA 27 CALLE 38,URBANA,TECNICO,3.53466,-76.29673,DESOBEDECER SEÑAL DE PARE,112,NO APLICA,CHOQUE,21,MASCULINO,NO APLICA,N/A,N/A,N/A,N/A,PARTICULAR,N/A
DAÑOS,04/05/2022 12:00:00 AM,"2,022",1899-12-31T17:50:00.000,TARDE,MARTES,BERLIN,CARRERA 32 CALLE 43,URBANA,TECNICO,3.53914,-76.30076,TRANSITAR EN CONTRA VIA,127,NO APLICA,CHOQUE,44,MASCULINO,NO APLICA,N/A,N/A,N/A,N/A,PUBLICO,N/A
DAÑOS,04/17/2022 12:00:00 AM,"2,022",1899-12-31T10:25:00.000,MAÑANA,DOMINGO,COLOMBIA,CALLE 33 CARRERA 30,URBANA,TECNICO,3.53059,-76.3001,SEMAFORO EN ROJO,142,NO APLICA,CHOQUE,38,MASCULINO,NO APLICA,N/A,N/A,N/A,N/A,PARTICULAR,N/A
DAÑOS,04/09/2022 12:00:00 AM,"2,022",1899-12-31T10:30:00.000,MAÑANA,SABADO,SANTA TERESITA,CARRERA 35 CALLE 49-50,URBANA,TECNICO,3.54399,-76.30758,NO MANTENER DISTANCIA SEGURIDAD,121,NO APLICA,CHOQUE,31,MASCULINO,NO APLICA,N/A,N/A,N/A,N/A,PARTICULAR,N/A
DAÑOS,06/29/2022 12:00:00 AM,"2,022",1899-12-31T18:20:00.000,TARDE,MIERCOLES,POMONA,CARRERA 35 CALLE 32,URBANA,TECNICO,3.53105,-76.30513,NO RESPETAR PRELACION,132,NO APLICA,CHOQUE,28,FEMENINA,NO APLICA,N/A,N/A,N/A,N/A,PARTICULAR,N/A
DAÑOS,05/15/2022 12:00:00 AM,"2,022",1899-12-31T17:35:00.000,TARDE,DOMINGO,SAN ISABEL,CARRERA 28 CALLE 44-205,URBANA,TECNICO,3.53956,-76.29695,NO MANTENER DISTANCIA SEGURIDAD,121,NO APLICA,CHOQUE,45,MASCULINO,NO APLICA,N/A,N/A,N/A,N/A,PARTICULAR,N/A
DAÑOS,04/08/2022 12:00:00 AM,"2,022",1899-12-31T10:45:00.000,MAÑANA,VIERNES,SANTA RITA,CALLE 33 CARRERA 27 -40,URBANA,TECNICO,3.53023,-76.29793,NO MANTENER DISTANCIA SEGURIDAD,121,NO APLICA,CHOQUE,48,MASCULINO,NO APLICA,N/A,N/A,N/A,N/A,PARTICULAR,N/A
DAÑOS,05/15/2022 12:00:00 AM,"2,022",1899-12-31T17:35:00.000,TARDE,DOMINGO,SAN ISABEL,CARRERA 28 CALLE 44-205,URBANA,TECNICO,3.53956,-76.29695,NO MANTENER DISTANCIA SEGURIDAD,121,NO APLICA,CHOQUE,45,FEMENINA,NO APLICA,N/A,N/A,N/A,N/A,PARTICULAR,N/A
DAÑOS,07/22/2022 12:00:00 AM,"2,022",1899-12-31T13:42:00.000,TARDE,VIERNES,OLIMPICO,CALLE 27 CARRERA 34,URBANA,TECNICO,3.52148,-76.30358,CAMBIO DE CARRIL CON O SIN INDICACION,157,NO APLICA,CHOQUE,45,MASCULINO,NO APLICA,N/A,N/A,N/A,N/A,PARTICULAR,N/A
DAÑOS,05/24/2022 12:00:00 AM,"2,022",1899-12-31T08:50:00.000,MAÑANA,MARTES,SANTA BARBARA,CALLE 31 CARRERA 41-42,URBANA,TECNICO,3.52992,-76.31246,NO MANTENER DISTANCIA SEGURIDAD,121,NO APLICA,CHOQUE,39,MASCULINO,NO APLICA,N/A,N/A,N/A,N/A,PARTICULAR,N/A
DAÑOS,05/09/2022 12:00:00 AM,"2,022",1899-12-31T19:00:00.000,NOCHE,LUNES,ZAMORANO,CARRERA 28 CALLE 65 -66,URBANA,TECNICO,3.553,-76.29317,POR ESTABLECER,157,NO APLICA,CHOQUE,31,FEMENINA,NO APLICA,N/A,N/A,N/A,N/A,PARTICULAR,N/A
DAÑOS,04/29/2022 12:00:00 AM,"2,022",1899-12-31T15:10:00.000,TARDE,VIERNES,ALTAMIRA,CALLE 48 CARRERA 25,URBANA,TECNICO,3.54343,-76.29345,DESOBEDECER SEÑAL DE PARE,112,NO APLICA,CHOQUE,26,FEMENINA,NO APLICA,N/A,N/A,N/A,N/A,PARTICULAR,N/A
DAÑOS,03/31/2022 12:00:00 AM,"2,022",1899-12-31T08:00:00.000,MAÑANA,JUEVES,SANTA RITA,CARRERA 28 CALLE 38-40,URBANA,TECNICO,3.53537,-76.29763,NO MANTENER DISTANCIA SEGURIDAD,121,NO APLICA,CHOQUE,29,MASCULINO,NO APLICA,N/A,N/A,N/A,N/A,PARTICULAR,N/A
DAÑOS,03/27/2022 12:00:00 AM,"2,022",1899-12-31T07:10:00.000,MAÑANA,DOMINGO,ZAMORANO,DIAGONAL 63 CARRERA 33 -10,URBANA,TECNICO,3.55756,-76.30087,TRANSITAR EN CONTRA VIA,127,NO APLICA,CHOQUE,59,MASCULINO,NO APLICA,N/A,N/A,N/A,N/A,PARTICULAR,N/A
DAÑOS,07/12/2022 12:00:00 AM,"2,022",1899-12-31T11:20:00.000,MAÑANA,MARTES,SANTA RITA,CALLE 33 CARRERA 27-28,URBANA,TECNICO,3.53023,-76.29799,NO MANTENER DISTANCIA SEGURIDAD,121,NO APLICA,CHOQUE,42,MASCULINO,NO APLICA,N/A,N/A,N/A,N/A,PUBLICO,N/A
DAÑOS,06/14/2022 12:00:00 AM,"2,022",1899-12-31T17:30:00.000,TARDE,MARTES,VERSALLES,CALLE 42 CARRERA 28_-23,URBANA,TECNICO,3.53789,-76.29763,NO MANTENER DISTANCIA SEGURIDAD,121,NO APLICA,CHOQUE,66,MASCULINO,NO APLICA,N/A,N/A,N/A,N/A,PARTICULAR,N/A
DAÑOS,02/07/2022 12:00:00 AM,"2,022",1899-12-31T08:10:00.000,MAÑANA,LUNES,SESQUI,CALLE 11 CARRERA 24-05,URBANA,TECNICO,3.5098,-76.29606,NO MANTENER DISTANCIA SEGURIDAD,121,NO APLICA,CHOQUE,40,MASCULINO,NO APLICA,N/A,N/A,N/A,N/A,PARTICULAR,N/A
DAÑOS,06/11/2022 12:00:00 AM,"2,022",1899-12-31T14:30:00.000,TARDE,SABADO,CENTRO,CARRERA 30 CALLE 32-25,URBANA,TECNICO,3.52911,-76.30046,FALLA EN PUERTA ELECTRICA,308,NO APLICA,CHOQUE OBJETO FIJO  ARBOL,54,MASCULINO,NO APLICA,N/A,N/A,N/A,N/A,PARTICULAR,N/A
DAÑOS,04/05/2022 12:00:00 AM,"2,022",1899-12-31T15:40:00.000,TARDE,MARTES,SANTA RITA,CARRERA 28 CALLE 36-18,URBANA,TECNICO,3.53328,-76.29801,NO MANTENER DISTANCIA SEGURIDAD,121,NO APLICA,CHOQUE,54,MASCULINO,NO APLICA,N/A,N/A,N/A,N/A,PUBLICO,N/A
DAÑOS,04/28/2022 12:00:00 AM,"2,022",1899-12-31T13:50:00.000,TARDE,JUEVES,VERSALLES,CARRERA 28 CALLE 42-03,URBANA,TECNICO,3.53823,-76.29715,PONER EN MARCHA VEHICULO SIN PRECAUCION,143,NO APLICA,CHOQUE,40,MASCULINO,NO APLICA,N/A,N/A,N/A,N/A,PUBLICO,N/A
DAÑOS,06/29/2022 12:00:00 AM,"2,022",1899-12-31T11:30:00.000,MAÑANA,MIERCOLES,FLORES,CALLE 30 CARRERA 1,URBANA,TECNICO,3.52204,-76.27855,ARRANCAR SIN PRECAUCION,145,NO APLICA,CHOQUE,52,MASCULINO,NO APLICA,N/A,N/A,N/A,N/A,PARTICULAR,N/A
DAÑOS,06/26/2022 12:00:00 AM,"2,022",1899-12-31T04:45:00.000,TARDE,DOMINGO,LOS SAUCES,CARRERA 1 CALLE 35,URBANA,TECNICO,3.53127,-76.27729,NO ESTAR PENDIENTE DE LA VIA,157,NO APLICA,CHOQUE,62,MASCULINO,NO APLICA,N/A,N/A,N/A,N/A,PARTICULAR,N/A
DAÑOS,04/30/2022 12:00:00 AM,"2,022",1899-12-31T11:30:00.000,MAÑANA,SABADO,DELICIAS,CARRERA 26 CALLE 26-58,URBANA,TECNICO,3.52324,-76.29786,PONER EN MARCHA VEHICULO SIN PRECAUCION,143,NO APLICA,CHOQUE,41,MASCULINO,NO APLICA,N/A,N/A,N/A,N/A,PARTICULAR,N/A
DAÑOS,03/25/2022 12:00:00 AM,"2,022",1899-12-31T18:00:00.000,NOCHE,VIERNES,SESQUI,CARRERA 32 CALLE 10,URBANA,TECNICO,3.50939,-76.30795,ARRANCAR SIN PRECAUCION,145,NO APLICA,CHOQUE,41,FEMENINA,NO APLICA,N/A,N/A,N/A,N/A,PARTICULAR,N/A
DAÑOS,09/23/2022 12:00:00 AM,"2,022",1899-12-31T10:00:00.000,MAÑANA,VIERNES,CENTRO POBLADO BOYACA,CASA 673,RURAL,TECNICO,3.60487,-76.26298,SOBREPASAR EL VEHICULO ESTACIONADO,157,NO APLICA,CHOQUE,67,MASCULINO,NO APLICA,N/A,N/A,N/A,N/A,PARTICULAR,N/A
DAÑOS,10/03/2022 12:00:00 AM,"2,022",1899-12-31T07:00:00.000,MAÑANA,LUNES,SANTA TERESITA,CALLE 49 CARRERA 36,URBANA,TECNICO,3.54384,-76.30831,DESOBEDECER SEÑAL DE PARE,112,NO APLICA,CHOQUE,30,MASCULINO,NO APLICA,N/A,N/A,N/A,N/A,PARTICULAR,N/A
DAÑOS,05/06/2022 12:00:00 AM,"2,022",1899-12-31T22:50:00.000,NOCHE,VIERNES,CENTRO,CALLE 29 CARRERA 24,URBANA,TECNICO,3.52561,-76.29572,SEMAFORO EN ROJO,142,NO APLICA,CHOQUE,23,MASCULINO,NO APLICA,N/A,N/A,N/A,N/A,PARTICULAR,N/A
DAÑOS,06/27/2022 12:00:00 AM,"2,022",1899-12-31T21:40:00.000,NOCHE,LUNES,BERLIN,CALLE 47 CARRERA 34,URBANA,TECNICO,3.54242,-76.30195,FALLA EN LAS LLANTAS,201,NO APLICA,CHOQUE,25,MASCULINO,NO APLICA,N/A,N/A,N/A,N/A,PARTICULAR,N/A
DAÑOS,04/27/2022 12:00:00 AM,"2,022",1899-12-31T18:50:00.000,NOCHE,MIERCOLES,OLIMPICO,CALLE 27 CARRERA 35-65,URBANA,TECNICO,3.52559,-76.30644,NO ESTAR PENDIENTE DE LA VIA,157,NO APLICA,CHOQUE,28,MASCULINO,NO APLICA,N/A,N/A,N/A,N/A,PARTICULAR,N/A
DAÑOS,05/16/2022 12:00:00 AM,"2,022",1899-12-31T16:20:00.000,TARDE,LUNES,BERLIN,CALLE 44 CARRERA 30,URBANA,TECNICO,3.5395,-76.29855,DESOBEDECER SEÑAL DE PARE,112,NO APLICA,CHOQUE,25,MASCULINO,NO APLICA,N/A,N/A,N/A,N/A,PARTICULAR,N/A
DAÑOS,03/11/2022 12:00:00 AM,"2,022",1899-12-31T12:30:00.000,TARDE,VIERNES,SANTA RITA,CARRERA 28 CALLE 37,URBANA,TECNICO,3.53362,-76.2979,NO MANTENER DISTANCIA SEGURIDAD,121,NO APLICA,CHOQUE,21,MASCULINO,NO APLICA,N/A,N/A,N/A,N/A,PARTICULAR,N/A
DAÑOS,07/17/2022 12:00:00 AM,"2,022",1899-12-31T18:10:00.000,NOCHE,DOMINGO,TRINIDAD,CALLE 28 CARRERA 23,URBANA,TECNICO,3.52596,-76.30346,DESOBEDECER SEÑAL DE PARE,112,NO APLICA,CHOQUE,21,FEMENINA,NO APLICA,N/A,N/A,N/A,N/A,PARTICULAR,N/A
DAÑOS,02/02/2022 12:00:00 AM,"2,022",1899-12-31T07:30:00.000,MAÑANA,MIERCOLES,FRAY LUIS,CALLE 42 CARRERA 49,URBANA,TECNICO,3.53698,-76.31985,TRANSITAR EN CONTRA VIA,127,NO APLICA,CHOQUE,20,MASCULINO,NO APLICA,N/A,N/A,N/A,N/A,PARTICULAR,N/A
DAÑOS,02/02/2022 12:00:00 AM,"2,022",1899-12-31T09:00:00.000,MAÑANA,MIERCOLES,BARRIO NUEVO,CARRERA 30 CALLE 20,URBANA,TECNICO,3.51879,-76.30223,DESOBEDECER SEÑAL DE PARE,112,NO APLICA,CHOQUE,27,MASCULINO,NO APLICA,N/A,N/A,N/A,N/A,PARTICULAR,N/A
DAÑOS,04/11/2022 12:00:00 AM,"2,022",1899-12-31T08:30:00.000,MAÑANA,LUNES,CENTRO,CARRERA 26 CALLE 30-56,URBANA,TECNICO,3.52631,-76.29735,FRENAR BRUSCAMENTE,119,NO APLICA,CHOQUE,22,MASCULINO,NO APLICA,N/A,N/A,N/A,N/A,PARTICULAR,N/A
DAÑOS,05/14/2022 12:00:00 AM,"2,022",1899-12-31T15:40:00.000,TARDE,SABADO,BERLIN,CALLE 42 CARRERA 31-80,URBANA,TECNICO,3.53838,-76.30038,REVERSO IMPRUDENTE,134,NO APLICA,CHOQUE,47,MASCULINO,NO APLICA,N/A,N/A,N/A,N/A,PARTICULAR,N/A
DAÑOS,05/16/2022 12:00:00 AM,"2,022",1899-12-31T04:50:00.000,MADRUGADA,LUNES,CENTRO,CALLE 31 CARRERA 32,URBANA,TECNICO,3.52853,-76.30229,SEMAFORO EN ROJO,142,NO APLICA,CHOQUE,52,MASCULINO,NO APLICA,N/A,N/A,N/A,N/A,PARTICULAR,N/A
DAÑOS,04/29/2022 12:00:00 AM,"2,022",1899-12-31T16:00:00.000,TARDE,VIERNES,SESQUI,CARRERA 24 CALLE 12,URBANA,TECNICO,3.5104,-76.29585,FRENAR BRUSCAMENTE,119,NO APLICA,CHOQUE,54,MASCULINO,NO APLICA,N/A,N/A,N/A,N/A,PARTICULAR,N/A
DAÑOS,06/24/2022 12:00:00 AM,"2,022",1899-12-31T19:00:00.000,NOCHE,VIERNES,OLIMPICO,CALLE 26 CARRERA 42,URBANA,TECNICO,3.52524,-76.31237,ARRANCAR SIN PRECAUCION,145,NO APLICA,CHOQUE,24,MASCULINO,NO APLICA,N/A,N/A,N/A,N/A,PARTICULAR,N/A
DAÑOS,02/02/2022 12:00:00 AM,"2,022",1899-12-31T07:30:00.000,MAÑANA,MIERCOLES,URIBE,CALLE 35 CARRERA 20,URBANA,TECNICO,3.53112,-76.29156,DESOBEDECER SEÑAL DE PARE,112,NO APLICA,CHOQUE,54,MASCULINO,NO APLICA,N/A,N/A,N/A,N/A,PARTICULAR,N/A
DAÑOS,07/09/2022 12:00:00 AM,"2,022",1899-12-31T06:20:00.000,MAÑANA,SABADO,OBRERO,CALLE 34 CARRERA 26,URBANA,TECNICO,3.53091,-76.2965,DESOBEDECER SEÑAL DE PARE,112,NO APLICA,CHOQUE,49,MASCULINO,NO APLICA,N/A,N/A,N/A,N/A,PARTICULAR,N/A
DAÑOS,08/15/2022 12:00:00 AM,"2,022",1899-12-31T15:00:00.000,TARDE,LUNES,SANTA BARBARA,CALLE 31 CARRERA 38,URBANA,TECNICO,3.5293,-76.30787,GIRAR BRUSCAMENTE,122,NO APLICA,CHOQUE,62,MASCULINO,NO APLICA,N/A,N/A,N/A,N/A,PARTICULAR,N/A
DAÑOS,10/02/2022 12:00:00 AM,"2,022",1899-12-31T15:10:00.000,TARDE,DOMINGO,SAN PEDRO,CALLE 38 CARRERA 17,URBANA,TECNICO,3.53388,-76.28914,TRANSITAR EN CONTRA VIA,127,NO APLICA,CHOQUE,39,MASCULINO,NO APLICA,N/A,N/A,N/A,N/A,PARTICULAR,N/A
DAÑOS,04/07/2022 12:00:00 AM,"2,022",1899-12-31T07:30:00.000,MAÑANA,JUEVES,CENTRO,CALLE 28 CARRERA 33,URBANA,TECNICO,3.52594,-76.30351,DESOBEDECER SEÑAL DE PARE,112,NO APLICA,CHOQUE,32,MASCULINO,NO APLICA,N/A,N/A,N/A,N/A,PARTICULAR,N/A