CLASE ACCIDENTE,FECHA,AÑO,HORA,JORNADA,DIA_SEMANA,BARRIOS-CORREGIMIENTO- VIA,DIRECCION,ZONA,AUTORIDAD,LAT,LONG,HIPOTESIS,CODIGO,CONDICION DE LA VICTIMA,GRAVEDAD,EDAD,GENERO,LESIONADOS Y MUERTOS,CLINICA,CLASE VEHICULO,MARCA,MATRICULA,TIPO DE SERVICIO,EMPRESA
DAÑOS,06/27/2022 12:00:00 AM,"2,022",1899-12-31T21:40:00.000,NOCHE,LUNES,BERLIN,CALLE 47 CARRERA 34,URBANA,TECNICO,3.54242,-76.30195,FALLA EN LAS LLANTAS,201,NO APLICA,CHOQUE,47,MASCULINO,NO APLICA,N/A,N/A,N/A,N/A,PARTICULAR,N/A
DAÑOS,07/06/2022 12:00:00 AM,"2,022",1899-12-31T23:00:00.000,NOCHE,MIERCOLES,SAN PEDRO,CARRERA 19 CALLE 37,URBANA,TECNICO,3.53275,-76.29053,DESOBEDECER SEÑAL DE PARE,112,NO APLICA,CHOQUE,17,MASCULINO,NO APLICA,N/A,N/A,N/A,N/A,PARTICULAR,N/A
DAÑOS,07/12/2022 12:00:00 AM,"2,022",1899-12-31T13:50:00.000,TARDE,MARTES,INGENIO MANUELITA,KM 7,RURAL,TECNICO,3.58374,-76.29936,REVERSO IMPRUDENTE,134,NO APLICA,CHOQUE VEHICULO ESTACIONADO,42,MASCULINO,NO APLICA,N/A,N/A,N/A,N/A,PARTICULAR,N/A
DAÑOS,03/31/2022 12:00:00 AM,"2,022",1899-12-31T11:20:00.000,MAÑANA,JUEVES,BARRIO NUEVO,CARRERA 32 CALLE 23,URBANA,TECNICO,3.5215,-76.30336,FRENAR BRUSCAMENTE,119,NO APLICA,CHOQUE,70,MASCULINO,NO APLICA,N/A,N/A,N/A,N/A,PARTICULAR,N/A
DAÑOS,09/23/2022 12:00:00 AM,"2,022",1899-12-31T23:45:00.000,NOCHE,VIERNES,CENTRO,CALLE 30 CARRERA 29,URBANA,TECNICO,3.52708,-76.29978,SUBIRSE AL ANDEN,133,NO APLICA,CHOQUE,19,MASCULINO,NO APLICA,N/A,N/A,N/A,N/A,PARTICULAR,N/A
DAÑOS,02/07/2022 12:00:00 AM,"2,022",1899-12-31T09:40:00.000,MAÑANA,LUNES,PORTAL DE LAS PALMAS,CARRERA 45A CALLE 49-44,URBANA,TECNICO,3.54369,-76.31716,NO SABER MANIOBRAR EN UNA SITUACION DE PELIGRO,157,NO APLICA,CHOQUE,22,MASCULINO,NO APLICA,N/A,N/A,N/A,N/A,PARTICULAR,N/A
DAÑOS,09/21/2022 12:00:00 AM,"2,022",1899-12-31T18:30:00.000,NOCHE,MIERCOLES,BENEDICTA,CALLE 47 CARRERA 34 -40,URBANA,TECNICO,3.54244,-76.30255,NO MANTENER DISTANCIA SEGURIDAD,121,NO APLICA,CHOQUE,31,MASCULINO,NO APLICA,N/A,N/A,N/A,N/A,PARTICULAR,N/A
DAÑOS,05/03/2022 12:00:00 AM,"2,022",1899-12-31T17:20:00.000,TARDE,MARTES,VIA PALMIRA TIENDA NUEVA,KM 3,RURAL,TECNICO,3.5492,-76.24723,ARRANCAR SIN PRECAUCION,145,NO APLICA,CHOQUE,61,MASCULINO,NO APLICA,N/A,N/A,N/A,N/A,PARTICULAR,N/A
DAÑOS,09/30/2022 12:00:00 AM,"2,022",1899-12-31T17:20:00.000,TARDE,VIERNES,OBRERO,CALLE 36 CARRERA 24,URBANA,TECNICO,3.53242,-76.29481,DESOBEDECER SEÑAL DE PARE,112,NO APLICA,CHOQUE,61,MASCULINO,NO APLICA,N/A,N/A,N/A,N/A,PARTICULAR,N/A
DAÑOS,05/14/2022 12:00:00 AM,"2,022",1899-12-31T21:00:00.000,NOCHE,SABADO,VERSALLES,CALLE 42 CARRERA 28,URBANA,TECNICO,3.5379,-76.29739,MAL USO DEL CARRIL,157,NO APLICA,CHOQUE,54,MASCULINO,NO APLICA,N/A,N/A,N/A,N/A,PUBLICO,N/A
DAÑOS,05/24/2022 12:00:00 AM,"2,022",1899-12-31T16:20:00.000,TARDE,MARTES,SANTA BARBARA,CALLE 31 CARRERA 44,URBANA,TECNICO,3.52934,-76.31665,NO MANTENER DISTANCIA SEGURIDAD,121,NO APLICA,CHOQUE,50,MASCULINO,NO APLICA,N/A,N/A,N/A,N/A,PARTICULAR,N/A
DAÑOS,05/24/2022 12:00:00 AM,"2,022",1899-12-31T18:40:00.000,NOCHE,MARTES,OBRERO,CALLE 34 CARRERA 26,URBANA,TECNICO,3.53085,-76.29661,DESOBEDECER SEÑAL DE PARE,112,NO APLICA,CHOQUE,52,MASCULINO,NO APLICA,N/A,N/A,N/A,N/A,PARTICULAR,N/A
DAÑOS,05/28/2022 12:00:00 AM,"2,022",1899-12-31T15:20:00.000,TARDE,SABADO,PRADO,CALLE 35 CARRERA 44,URBANA,TECNICO,3.53219,-76.31491,DESOBEDECER SEÑAL DE PARE,112,NO APLICA,CHOQUE,52,MASCULINO,NO APLICA,N/A,N/A,N/A,N/A,PARTICULAR,N/A
DAÑOS,07/28/2022 12:00:00 AM,"2,022",1899-12-31T15:50:00.000,TARDE,JUEVES,BIZERTA,CALLE 36 CARRERA 22,URBANA,TECNICO,3.53219,-76.29315,DESOBEDECER SEÑAL DE PARE,112,NO APLICA,CHOQUE,28,MASCULINO,NO APLICA,N/A,N/A,N/A,N/A,PARTICULAR,N/A
DAÑOS,03/13/2022 12:00:00 AM,"2,022",1899-12-31T13:00:00.000,TARDE,DOMINGO,PORTALES DEL RECREO,CALLE 21 CARRERA 30,URBANA,TECNICO,3.51976,-76.30206,DESOBEDECER SEÑAL DE PARE,112,NO APLICA,CHOQUE,51,MASCULINO,NO APLICA,N/A,N/A,N/A,N/A,PARTICULAR,N/A
DAÑOS,10/02/2022 12:00:00 AM,"2,022",1899-12-31T15:40:00.000,TARDE,DOMINGO,ESTONIA,CALLE 42 CARRERA 31-02,URBANA,TECNICO,3.53832,-76.29997,NO MANTENER DISTANCIA SEGURIDAD,121,NO APLICA,CHOQUE,68,MASCULINO,NO APLICA,N/A,N/A,N/A,N/A,PARTICULAR,N/A
DAÑOS,07/02/2022 12:00:00 AM,"2,022",1899-12-31T14:30:00.000,TARDE,SABADO,JUAN PABLO,PARQUIADERO UNICENTRO,URBANA,TECNICO,3.53925,-76.31043,DAR MARCHA ATRÁS SIN LA MEDIDAS DE PRECAUCION,157,NO APLICA,CHOQUE,28,MASCULINO,NO APLICA,N/A,N/A,N/A,N/A,PARTICULAR,N/A
DAÑOS,03/03/2022 12:00:00 AM,"2,022",1899-12-31T06:30:00.000,MAÑANA,JUEVES,INDUSTRIAL,CALLE 42 CARRERA 35,URBANA,TECNICO,3.53874,-76.30652,ADELANTAR CERRANDO,103,NO APLICA,CHOQUE,50,MASCULINO,NO APLICA,N/A,N/A,N/A,N/A,PUBLICO,N/A
DAÑOS,07/16/2022 12:00:00 AM,"2,022",1899-12-31T12:30:00.000,TARDE,SABADO,SANTA BARBARA,CALLE 31 CARRERA 44 -239,URBANA,TECNICO,3.52926,-76.3169,ESTACIONAR SIN SEGURIDAD,125,NO APLICA,CHOQUE,28,MASCULINO,NO APLICA,N/A,N/A,N/A,N/A,PARTICULAR,N/A
DAÑOS,03/12/2022 12:00:00 AM,"2,022",1899-12-31T13:00:00.000,TARDE,SABADO,PORTAL DEL  SEMBRADOR,CALLE 25A CARRERA 23,URBANA,TECNICO,3.52219,-76.29505,ARRANCAR SIN PRECAUCION,145,NO APLICA,CHOQUE,46,FEMENINA,NO APLICA,N/A,N/A,N/A,N/A,PARTICULAR,N/A
DAÑOS,03/23/2022 12:00:00 AM,"2,022",1899-12-31T16:30:00.000,TARDE,MIERCOLES,CENTRO,CALLE 32 CARRERA 25,URBANA,TECNICO,3.52847,-76.29614,NO ESTAR PENDIENTE DE LA VIA,157,NO APLICA,CHOQUE,45,FEMENINA,NO APLICA,N/A,N/A,N/A,N/A,PARTICULAR,N/A
DAÑOS,08/03/2022 12:00:00 AM,"2,022",1899-12-31T16:10:00.000,TARDE,MIERCOLES,VIA PALMIRA - PRADERA,KM 1,RURAL,TECNICO,3.51608,-76.27323,ADELANTAR INVADIENDO CARRIL,104,NO APLICA,CHOQUE,39,MASCULINO,NO APLICA,N/A,N/A,N/A,N/A,PUBLICO,N/A
DAÑOS,06/26/2022 12:00:00 AM,"2,022",1899-12-31T12:50:00.000,TARDE,DOMINGO,FRAY LUIS,CALLE 42 CARRERA 37-63,URBANA,TECNICO,3.53888,-76.30827,NO MANTENER DISTANCIA SEGURIDAD,121,NO APLICA,CHOQUE,34,MASCULINO,NO APLICA,N/A,N/A,N/A,N/A,PARTICULAR,N/A
DAÑOS,04/05/2022 12:00:00 AM,"2,022",1899-12-31T08:00:00.000,MAÑANA,MARTES,BARRIO NUEVO,CALLE 20 CARRERA 33A-57,URBANA,TECNICO,3.51924,-76.30522,NO ESTAR PENDIENTE DE LA VIA,157,NO APLICA,CHOQUE,27,MASCULINO,NO APLICA,N/A,N/A,N/A,N/A,PARTICULAR,N/A
DAÑOS,04/26/2022 12:00:00 AM,"2,022",1899-12-31T20:00:00.000,NOCHE,MARTES,MERCEDES,CALLE 54 CARRERA 28,URBANA,TECNICO,3.54665,-76.29571,ADELANTAR CERRANDO,103,NO APLICA,CHOQUE,32,FEMENINA,NO APLICA,N/A,N/A,N/A,N/A,PARTICULAR,N/A
DAÑOS,06/25/2022 12:00:00 AM,"2,022",1899-12-31T11:30:00.000,MAÑANA,SABADO,CHAPINERO,CARRERA 31 CALLE 16,URBANA,TECNICO,3.51708,-76.30348,DESOBEDECER SEÑAL DE PARE,112,NO APLICA,CHOQUE,38,FEMENINA,NO APLICA,N/A,N/A,N/A,N/A,PARTICULAR,N/A
DAÑOS,03/28/2022 12:00:00 AM,"2,022",1899-12-31T07:00:00.000,MAÑANA,LUNES,RINCON DEL BOSQUE,CALLE 31 CARRERA 9,URBANA,TECNICO,3.52592,-76.28335,TRANSITA POR VIAS PROHIBIDAS,97,NO APLICA,CHOQUE,37,FEMENINA,NO APLICA,N/A,N/A,N/A,N/A,PARTICULAR,N/A
DAÑOS,06/21/2022 12:00:00 AM,"2,022",1899-12-31T22:30:00.000,NOCHE,MARTES,CENTRO,CALLE 31 CARRERA 31,URBANA,TECNICO,3.52835,-76.30147,SEMAFORO EN ROJO,142,NO APLICA,CHOQUE,40,FEMENINA,NO APLICA,N/A,N/A,N/A,N/A,PARTICULAR,N/A
DAÑOS,05/19/2022 12:00:00 AM,"2,022",1899-12-31T15:40:00.000,TARDE,JUEVES,VERSALLES,CALLE 42 CARRERA 25-16,URBANA,TECNICO,3.53764,-76.29457,NO MANTENER DISTANCIA SEGURIDAD,121,NO APLICA,CHOQUE,56,MASCULINO,NO APLICA,N/A,N/A,N/A,N/A,PARTICULAR,N/A
DAÑOS,01/15/2022 12:00:00 AM,"2,022",1899-12-31T13:50:00.000,TARDE,SABADO,DELICIAS,CALLE 27 CARRERA 23,URBANA,TECNICO,3.52384,-76.29507,DESOBEDECER SEÑAL DE PARE,112,NO APLICA,CHOQUE,34,MASCULINO,NO APLICA,N/A,N/A,N/A,N/A,PUBLICO,N/A
DAÑOS,03/25/2022 12:00:00 AM,"2,022",1899-12-31T10:00:00.000,MAÑANA,VIERNES,CHAPINERO,CARRERA 32 CALLE 16,URBANA,TECNICO,3.51517,-76.30537,NO RESPETAR PRELACION,132,NO APLICA,CHOQUE,26,MASCULINO,NO APLICA,N/A,N/A,N/A,N/A,PARTICULAR,N/A
DAÑOS,04/27/2022 12:00:00 AM,"2,022",1899-12-31T19:00:00.000,NOCHE,MIERCOLES,PARAISO,VIA PALMIRA  KM  100,URBANA,TECNICO,3.51734,-76.27444,NO MANTENER DISTANCIA SEGURIDAD,121,NO APLICA,CHOQUE,28,MASCULINO,NO APLICA,N/A,N/A,N/A,N/A,PUBLICO,N/A
DAÑOS,02/09/2022 12:00:00 AM,"2,022",1899-12-31T12:10:00.000,TARDE,MIERCOLES,BARRIO NUEVO,CARRERA 29 CALLE 26,URBANA,TECNICO,3.52374,-76.30033,DESOBEDECER SEÑAL DE PARE,112,NO APLICA,CHOQUE,24,MASCULINO,NO APLICA,N/A,N/A,N/A,N/A,PARTICULAR,N/A
DAÑOS,05/28/2022 12:00:00 AM,"2,022",1899-12-31T15:20:00.000,TARDE,SABADO,PRADO,CALLE 35 CARRERA 44,URBANA,TECNICO,3.53219,-76.31491,DESOBEDECER SEÑAL DE PARE,112,NO APLICA,CHOQUE,36,MASCULINO,NO APLICA,N/A,N/A,N/A,N/A,PARTICULAR,N/A
DAÑOS,10/18/2022 12:00:00 AM,"2,022",1899-12-31T11:20:00.000,MAÑANA,MARTES,INDUSTRIAL,CARRERA 35 CALLE 42A,URBANA,TECNICO,3.53945,-76.30674,NO ESTAR PENDIENTE DE LA VIA,157,NO APLICA,CHOQUE,23,MASCULINO,NO APLICA,N/A,N/A,N/A,N/A,PUBLICO,N/A
DAÑOS,04/05/2022 12:00:00 AM,"2,022",1899-12-31T08:00:00.000,MAÑANA,MARTES,BARRIO NUEVO,CALLE 20 CARRERA 33A-57,URBANA,TECNICO,3.51924,-76.30522,NO ESTAR PENDIENTE DE LA VIA,157,NO APLICA,CHOQUE,53,MASCULINO,NO APLICA,N/A,N/A,N/A,N/A,PARTICULAR,N/A
DAÑOS,03/11/2022 12:00:00 AM,"2,022",1899-12-31T12:30:00.000,TARDE,VIERNES,SANTA RITA,CARRERA 28 CALLE 37,URBANA,TECNICO,3.53362,-76.2979,NO MANTENER DISTANCIA SEGURIDAD,121,NO APLICA,CHOQUE,41,MASCULINO,NO APLICA,N/A,N/A,N/A,N/A,PARTICULAR,N/A
DAÑOS,06/16/2022 12:00:00 AM,"2,022",1899-12-31T15:50:00.000,TARDE,JUEVES,SANTA BARBARA,CALLE 31 CARRERA 35,URBANA,TECNICO,3.529,-76.30575,NO MANTENER DISTANCIA SEGURIDAD,121,NO APLICA,CHOQUE,17,MASCULINO,NO APLICA,N/A,N/A,N/A,N/A,PUBLICO,N/A
DAÑOS,04/02/2022 12:00:00 AM,"2,022",1899-12-31T19:40:00.000,NOCHE,SABADO,CENTRO,CALLE 32 CARRERA 27-10,URBANA,TECNICO,3.5286,-76.29775,ARRANCAR SIN PRECAUCION,145,NO APLICA,CHOQUE,38,MASCULINO,NO APLICA,N/A,N/A,N/A,N/A,PARTICULAR,N/A
DAÑOS,02/11/2022 12:00:00 AM,"2,022",1899-12-31T15:00:00.000,TARDE,VIERNES,COLOMBIA,CALLE 33 CARRERA 34,URBANA,TECNICO,3.53123,-76.30417,DESOBEDECER SEÑAL DE PARE,112,NO APLICA,CHOQUE,26,FEMENINA,NO APLICA,N/A,N/A,N/A,N/A,PARTICULAR,N/A
DAÑOS,04/07/2022 12:00:00 AM,"2,022",1899-12-31T16:00:00.000,TARDE,JUEVES,SAN CAYETANO,CALLE 42 CARRERA 26-53,URBANA,TECNICO,3.53784,-76.29591,NO RESPETAR PRELACION,132,NO APLICA,CHOQUE,24,MASCULINO,NO APLICA,N/A,N/A,N/A,N/A,PARTICULAR,N/A
DAÑOS,05/14/2022 12:00:00 AM,"2,022",1899-12-31T14:10:00.000,TARDE,SABADO,INDUSTRIAL,CALLE 42 CARRERA 35,URBANA,TECNICO,3.53898,-76.3068,NO MANTENER DISTANCIA SEGURIDAD,121,NO APLICA,CHOQUE,56,MASCULINO,NO APLICA,N/A,N/A,N/A,N/A,PUBLICO,N/A
DAÑOS,03/25/2022 12:00:00 AM,"2,022",1899-12-31T18:00:00.000,NOCHE,VIERNES,SESQUI,CARRERA 32 CALLE 10,URBANA,TECNICO,3.50939,-76.30795,ARRANCAR SIN PRECAUCION,145,NO APLICA,CHOQUE,24,MASCULINO,NO APLICA,N/A,N/A,N/A,N/A,PARTICULAR,N/A
DAÑOS,06/03/2022 12:00:00 AM,"2,022",1899-12-31T21:15:00.000,NOCHE,VIERNES,ALTAMIRA,CALLE 48 CARRERA 25A,URBANA,TECNICO,3.54343,-76.2939,NO ESTAR PENDIENTE DE LA VIA,157,NO APLICA,CHOQUE,25,FEMENINA,NO APLICA,N/A,N/A,N/A,N/A,PARTICULAR,N/A
DAÑOS,05/09/2022 12:00:00 AM,"2,022",1899-12-31T19:40:00.000,NOCHE,LUNES,CENTRO POBLADO ROZO,CALLE 10 CARRERA 11,URBANA,TECNICO,3.6147,-76.38765,REVERSO IMPRUDENTE,134,NO APLICA,CHOQUE,38,MASCULINO,NO APLICA,N/A,N/A,N/A,N/A,PUBLICO,N/A
DAÑOS,04/05/2022 12:00:00 AM,"2,022",1899-12-31T17:50:00.000,TARDE,MARTES,BERLIN,CARRERA 32 CALLE 43,URBANA,TECNICO,3.53914,-76.30076,TRANSITAR EN CONTRA VIA,127,NO APLICA,CHOQUE,15,MASCULINO,NO APLICA,N/A,N/A,N/A,N/A,PARTICULAR,N/A
DAÑOS,08/05/2022 12:00:00 AM,"2,022",1899-12-31T09:45:00.000,MAÑANA,VIERNES,SANTA BARBARA,CALLE 31 CARRERA 38,URBANA,TECNICO,3.52929,-76.30786,NO MANTENER DISTANCIA SEGURIDAD,121,NO APLICA,CHOQUE,29,FEMENINA,NO APLICA,N/A,N/A,N/A,N/A,PARTICULAR,N/A
DAÑOS,03/08/2022 12:00:00 AM,"2,022",1899-12-31T12:30:00.000,TARDE,MARTES,SAMANES,CALLE 47 CARRERA 28,URBANA,TECNICO,3.54216,-76.29663,ARRANCAR SIN PRECAUCION,145,NO APLICA,CHOQUE,32,FEMENINA,NO APLICA,N/A,N/A,N/A,N/A,PARTICULAR,N/A
DAÑOS,03/14/2022 12:00:00 AM,"2,022",1899-12-31T07:30:00.000,MAÑANA,LUNES,VERSALLES,CALLE 42 CARRERA 28,URBANA,TECNICO,3.53783,-76.29723,NO ESTAR PENDIENTE DE LA VIA,157,NO APLICA,CHOQUE,38,FEMENINA,NO APLICA,N/A,N/A,N/A,N/A,PARTICULAR,N/A
DAÑOS,10/02/2022 12:00:00 AM,"2,022",1899-12-31T10:50:00.000,MAÑANA,DOMINGO,CENTRO,CALLE 27 CARRERA 31,URBANA,TECNICO,3.52486,-76.30209,DESOBEDECER SEÑAL DE PARE,112,NO APLICA,CHOQUE,34,FEMENINA,NO APLICA,N/A,N/A,N/A,N/A,PARTICULAR,N/A
DAÑOS,04/24/2022 12:00:00 AM,"2,022",1899-12-31T13:20:00.000,TARDE,DOMINGO,LOS ROBLES,CARRERA 33A CALLE 19-25,URBANA,TECNICO,3.51824,-76.30542,REVERSO IMPRUDENTE,134,NO APLICA,CHOQUE,36,FEMENINA,NO APLICA,N/A,N/A,N/A,N/A,PARTICULAR,N/A
DAÑOS,07/27/2022 12:00:00 AM,"2,022",1899-12-31T17:55:00.000,TARDE,MIERCOLES,BENEDICTA,CALLE 47 CARRERA 34,URBANA,TECNICO,3.54244,-76.30195,NO ESTAR PENDIENTE DE LA VIA,157,NO APLICA,CHOQUE,36,FEMENINA,NO APLICA,N/A,N/A,N/A,N/A,PARTICULAR,N/A
DAÑOS,02/14/2022 12:00:00 AM,"2,022",1899-12-31T17:00:00.000,TARDE,LUNES,LOS MANGOS,CALLE 70 CARRERA 31,URBANA,TECNICO,3.55837,-76.29567,NO SABER MANIOBRAR EN UNA SITUACION DE PELIGRO,127,NO APLICA,CHOQUE,28,FEMENINA,NO APLICA,N/A,N/A,N/A,N/A,PARTICULAR,N/A
DAÑOS,07/02/2022 12:00:00 AM,"2,022",1899-12-31T14:30:00.000,TARDE,SABADO,JUAN PABLO,PARQUIADERO UNICENTRO,URBANA,TECNICO,3.53925,-76.31043,DAR MARCHA ATRÁS SIN LA MEDIDAS DE PRECAUCION,157,NO APLICA,CHOQUE,39,FEMENINA,NO APLICA,N/A,N/A,N/A,N/A,PARTICULAR,N/A
DAÑOS,07/27/2022 12:00:00 AM,"2,022",1899-12-31T17:55:00.000,TARDE,MIERCOLES,BENEDICTA,CALLE 47 CARRERA 34,URBANA,TECNICO,3.54244,-76.30195,NO ESTAR PENDIENTE DE LA VIA,157,NO APLICA,CHOQUE,26,MASCULINO,NO APLICA,N/A,N/A,N/A,N/A,PARTICULAR,N/A
DAÑOS,05/28/2022 12:00:00 AM,"2,022",1899-12-31T09:15:00.000,MAÑANA,SABADO,ESTONIA,CARRERA 32 CALLE 43-42,URBANA,TECNICO,3.53879,-76.30082,PERDIDA DEL CONTROL DEL VEHICULO,157,NO APLICA,CHOQUE VEHICULO ESTACIONADO,40,MASCULINO,NO APLICA,N/A,N/A,N/A,N/A,PARTICULAR,N/A
DAÑOS,06/10/2022 12:00:00 AM,"2,022",1899-12-31T07:30:00.000,MAÑANA,VIERNES,SESQUI,CARRERA 32 UNIVERSIDAD NACIONAL,URBANA,TECNICO,3.51164,-76.30664,NO MANTENER DISTANCIA SEGURIDAD,121,NO APLICA,CHOQUE,30,MASCULINO,NO APLICA,N/A,N/A,N/A,N/A,PARTICULAR,N/A
DAÑOS,03/13/2022 12:00:00 AM,"2,022",1899-12-31T12:00:00.000,TARDE,DOMINGO,CAMPESTRE,CALLE 42 CARRERA 3,URBANA,TECNICO,3.5369,-76.27986,SEMAFORO EN ROJO,142,NO APLICA,CHOQUE,37,MASCULINO,NO APLICA,N/A,N/A,N/A,N/A,PARTICULAR,N/A
DAÑOS,07/24/2022 12:00:00 AM,"2,022",1899-12-31T21:30:00.000,NOCHE,DOMINGO,JUAN PABLO,CALLE 49 CARRERA 41 -08,URBANA,TECNICO,3.54368,-76.31281,NO ESTAR PENDIENTE DE LA VIA,157,NO APLICA,CHOQUE,49,MASCULINO,NO APLICA,N/A,N/A,N/A,N/A,PUBLICO,N/A
DAÑOS,03/28/2022 12:00:00 AM,"2,022",1899-12-31T16:30:00.000,TARDE,LUNES,SIMON BOLIVAR,CARRERA 38 CALLE 55,URBANA,TECNICO,3.54684,-76.31015,NO RESPETAR PRELACION,123,NO APLICA,CHOQUE,45,MASCULINO,NO APLICA,N/A,N/A,N/A,N/A,PARTICULAR,N/A
DAÑOS,05/26/2022 12:00:00 AM,"2,022",1899-12-31T12:30:00.000,TARDE,JUEVES,INDUSTRIAL,CALLE 42 CARRERA 35,URBANA,TECNICO,3.53903,-76.30738,CONDUCIR MUY SERCA DEL OTRO,157,NO APLICA,CHOQUE,52,MASCULINO,NO APLICA,N/A,N/A,N/A,N/A,PARTICULAR,N/A
DAÑOS,05/06/2022 12:00:00 AM,"2,022",1899-12-31T00:10:00.000,MADRUGADA,VIERNES,MERCEDES,CARRERA 28 CALLE 54,URBANA,TECNICO,3.54663,-76.29579,NO MANTENER DISTANCIA SEGURIDAD,121,NO APLICA,CHOQUE,36,MASCULINO,NO APLICA,N/A,N/A,N/A,N/A,PARTICULAR,N/A
DAÑOS,05/21/2022 12:00:00 AM,"2,022",1899-12-31T03:30:00.000,MADRUGADA,SABADO,ZAMORANO,CARRERA 28 CALLE 70-65,URBANA,TECNICO,3.55747,-76.29121,NO MANTENER DISTANCIA SEGURIDAD,121,NO APLICA,CHOQUE,29,FEMENINA,NO APLICA,N/A,N/A,N/A,N/A,PARTICULAR,N/A
DAÑOS,03/08/2022 12:00:00 AM,"2,022",1899-12-31T12:00:00.000,TARDE,MARTES,INDUSTRIAL,CARRERA 35 CALLE 42,URBANA,TECNICO,3.53904,-76.3069,ARRANCAR SIN PRECAUCION,145,NO APLICA,CHOQUE,51,MASCULINO,NO APLICA,N/A,N/A,N/A,N/A,PUBLICO,N/A
DAÑOS,07/14/2022 12:00:00 AM,"2,022",1899-12-31T14:00:00.000,TARDE,JUEVES,URIBE,CALLE 33 CARRERA 21,URBANA,TECNICO,3.52947,-76.29261,DESOBEDECER SEÑAL DE PARE,112,NO APLICA,CHOQUE,45,MASCULINO,NO APLICA,N/A,N/A,N/A,N/A,PARTICULAR,N/A
DAÑOS,06/25/2022 12:00:00 AM,"2,022",1899-12-31T11:30:00.000,MAÑANA,SABADO,CHAPINERO,CARRERA 31 CALLE 16,URBANA,TECNICO,3.51708,-76.30348,DESOBEDECER SEÑAL DE PARE,112,NO APLICA,CHOQUE,37,MASCULINO,NO APLICA,N/A,N/A,N/A,N/A,PARTICULAR,N/A
DAÑOS,07/16/2022 12:00:00 AM,"2,022",1899-12-31T12:30:00.000,TARDE,SABADO,ALTOS DEL BOSQUE,CALLE 33 D CARRERA 8 -71,URBANA,TECNICO,3.52966,-76.28213,PONER EN MARCHA VEHICULO SIN PRECAUCION,143,NO APLICA,CHOQUE VEHICULO ESTACIONADO,46,MASCULINO,NO APLICA,N/A,N/A,N/A,N/A,PUBLICO,N/A
DAÑOS,10/21/2022 12:00:00 AM,"2,022",1899-12-31T15:40:00.000,TARDE,VIERNES,LORETTO,CARRERA 35 CALLE 36-25,URBANA,TECNICO,3.53444,-76.30575,REALIZAR MANIOBRAS PELIGROSAS,157,NO APLICA,CHOQUE,32,MASCULINO,NO APLICA,N/A,N/A,N/A,N/A,PARTICULAR,N/A
DAÑOS,07/12/2022 12:00:00 AM,"2,022",1899-12-31T11:20:00.000,MAÑANA,MARTES,SANTA RITA,CALLE 33 CARRERA 27-28,URBANA,TECNICO,3.53023,-76.29799,NO MANTENER DISTANCIA SEGURIDAD,121,NO APLICA,CHOQUE,42,MASCULINO,NO APLICA,N/A,N/A,N/A,N/A,PARTICULAR,N/A
DAÑOS,03/12/2022 12:00:00 AM,"2,022",1899-12-31T12:00:00.000,TARDE,SABADO,VERSALLES,CALLE 42 CARRERA 28,URBANA,TECNICO,3.53811,-76.29737,PONER EN MARCHA VEHICULO SIN PRECAUCION,145,NO APLICA,CHOQUE,48,MASCULINO,NO APLICA,N/A,N/A,N/A,N/A,PUBLICO,N/A
DAÑOS,09/27/2022 12:00:00 AM,"2,022",1899-12-31T07:10:00.000,MAÑANA,MARTES,SAN PEDRO,CALLE 42 CARRERA 19,URBANA,TECNICO,3.53707,-76.29053,NO MANTENER DISTANCIA SEGURIDAD,121,NO APLICA,CHOQUE,22,MASCULINO,NO APLICA,N/A,N/A,N/A,N/A,PARTICULAR,N/A
DAÑOS,04/21/2022 12:00:00 AM,"2,022",1899-12-31T00:30:00.000,MADRUGADA,JUEVES,CENTRO,CALLE 28 CARRERA 32,URBANA,TECNICO,3.52584,-76.30269,NO RESPETAR PRELACION,132,NO APLICA,CHOQUE,57,MASCULINO,NO APLICA,N/A,N/A,N/A,N/A,PUBLICO,N/A
DAÑOS,05/18/2022 12:00:00 AM,"2,022",1899-12-31T09:30:00.000,MAÑANA,MIERCOLES,ZAMORANO,CARRERA 28 CALLE 69C,URBANA,TECNICO,3.55621,-76.29158,ARRANCAR SIN PRECAUCION,145,NO APLICA,CHOQUE,48,MASCULINO,NO APLICA,N/A,N/A,N/A,N/A,PUBLICO,N/A
DAÑOS,02/09/2022 12:00:00 AM,"2,022",1899-12-31T16:00:00.000,TARDE,MIERCOLES,CENTRO POBLADO POTRERILLO,AVENIDAD 4 CALLE 6,RURAL,TECNICO,3.55426,-76.20133,NO MANTENER DISTANCIA SEGURIDAD,121,NO APLICA,CHOQUE,51,MASCULINO,NO APLICA,N/A,N/A,N/A,N/A,PARTICULAR,N/A