CLASE ACCIDENTE,FECHA,AÑO,HORA,JORNADA,DIA_SEMANA,BARRIOS-CORREGIMIENTO- VIA,DIRECCION,ZONA,AUTORIDAD,LAT,LONG,HIPOTESIS,CODIGO,CONDICION DE LA VICTIMA,GRAVEDAD,EDAD,GENERO,LESIONADOS Y MUERTOS,CLINICA,CLASE VEHICULO,MARCA,MATRICULA,TIPO DE SERVICIO,EMPRESA
DAÑOS,07/05/2022 12:00:00 AM,"2,022",1899-12-31T16:00:00.000,TARDE,MARTES,SANTA BARBARA,CALLE 31 CARRERA 37,URBANA,TECNICO,3.52919,-76.30721,NO ESTAR PENDIENTE DE LA VIA,157,NO APLICA,CHOQUE,84,MASCULINO,NO APLICA,N/A,N/A,N/A,N/A,PARTICULAR,N/A
DAÑOS,04/07/2022 12:00:00 AM,"2,022",1899-12-31T13:45:00.000,TARDE,JUEVES,TRINIDAD,CALLE 31 CARRERA 21,URBANA,TECNICO,3.52719,-76.29291,DESOBEDECER SEÑAL DE PARE,112,NO APLICA,CHOQUE,38,MASCULINO,NO APLICA,N/A,N/A,N/A,N/A,PARTICULAR,N/A
DAÑOS,03/28/2022 12:00:00 AM,"2,022",1899-12-31T14:00:00.000,TARDE,LUNES,ZAMORANO,CARRERA 28 CALLE 70,URBANA,TECNICO,3.5573,-76.29127,ADELANTAR ZONA PROHIBIDAD,105,NO APLICA,CHOQUE,50,MASCULINO,NO APLICA,N/A,N/A,N/A,N/A,PUBLICO,N/A
DAÑOS,04/03/2022 12:00:00 AM,"2,022",1899-12-31T15:10:00.000,TARDE,DOMINGO,SANTA ISABEL,CARRERA 28 CALLE 43-02,URBANA,TECNICO,3.53916,-76.29702,ARRANCAR SIN PRECAUCION,145,NO APLICA,CHOQUE,72,MASCULINO,NO APLICA,N/A,N/A,N/A,N/A,PARTICULAR,N/A
DAÑOS,10/16/2022 12:00:00 AM,"2,022",1899-12-31T01:10:00.000,MADRUGADA,DOMINGO,SANTA ISABEL,CARRERA 31 CALLE 46,URBANA,TECNICO,3.54143,-76.2995,TRANSITAR EN CONTRA VIA,127,NO APLICA,CHOQUE,31,FEMENINA,NO APLICA,N/A,N/A,N/A,N/A,PARTICULAR,N/A
DAÑOS,07/01/2022 12:00:00 AM,"2,022",1899-12-31T12:20:00.000,TARDE,VIERNES,BARRIO NUEVO,CARRERA 33A  CALLE 20-21,URBANA,TECNICO,3.51957,-76.30521,NO MANTENER DISTANCIA SEGURIDAD,121,NO APLICA,CHOQUE,54,FEMENINA,NO APLICA,N/A,N/A,N/A,N/A,PARTICULAR,N/A
DAÑOS,07/05/2022 12:00:00 AM,"2,022",1899-12-31T16:00:00.000,TARDE,MARTES,SANTA BARBARA,CALLE 31 CARRERA 37,URBANA,TECNICO,3.52919,-76.30721,NO ESTAR PENDIENTE DE LA VIA,157,NO APLICA,CHOQUE,84,FEMENINA,NO APLICA,N/A,N/A,N/A,N/A,PARTICULAR,N/A
DAÑOS,06/10/2022 12:00:00 AM,"2,022",1899-12-31T07:30:00.000,MAÑANA,VIERNES,SESQUI,CARRERA 32 UNIVERSIDAD NACIONAL,URBANA,TECNICO,3.51164,-76.30664,NO MANTENER DISTANCIA SEGURIDAD,121,NO APLICA,CHOQUE,33,MASCULINO,NO APLICA,N/A,N/A,N/A,N/A,PARTICULAR,N/A
DAÑOS,05/21/2022 12:00:00 AM,"2,022",1899-12-31T04:00:00.000,MADRUGADA,SABADO,ZAMORANO,CARRERA 31 CALLE 67-32,URBANA,TECNICO,3.55617,-76.29675,ARRANCAR SIN PRECAUCION,143,NO APLICA,CHOQUEOBJETO FIJO INMUEBLE,29,MASCULINO,NO APLICA,N/A,N/A,N/A,N/A,PARTICULAR,N/A
DAÑOS,08/05/2022 12:00:00 AM,"2,022",1899-12-31T09:45:00.000,MAÑANA,VIERNES,SANTA BARBARA,CALLE 31 CARRERA 38,URBANA,TECNICO,3.52929,-76.30786,NO MANTENER DISTANCIA SEGURIDAD,121,NO APLICA,CHOQUE,42,MASCULINO,NO APLICA,N/A,N/A,N/A,N/A,PARTICULAR,N/A
DAÑOS,01/15/2022 12:00:00 AM,"2,022",1899-12-31T13:50:00.000,TARDE,SABADO,DELICIAS,CALLE 27 CARRERA 23,URBANA,TECNICO,3.52384,-76.29507,DESOBEDECER SEÑAL DE PARE,112,NO APLICA,CHOQUE,24,MASCULINO,NO APLICA,N/A,N/A,N/A,N/A,PARTICULAR,N/A
DAÑOS,06/29/2022 12:00:00 AM,"2,022",1899-12-31T18:20:00.000,TARDE,MIERCOLES,POMONA,CARRERA 35 CALLE 32,URBANA,TECNICO,3.53105,-76.30513,NO RESPETAR PRELACION,132,NO APLICA,CHOQUE,57,MASCULINO,NO APLICA,N/A,N/A,N/A,N/A,PUBLICO,N/A
DAÑOS,07/24/2022 12:00:00 AM,"2,022",1899-12-31T18:00:00.000,NOCHE,DOMINGO,SANTA BARBARA,CALLE 31 CARRERA 45,URBANA,TECNICO,3.5298,-76.31537,ADELANTAR CERRANDO,103,NO APLICA,CHOQUE,43,MASCULINO,NO APLICA,N/A,N/A,N/A,N/A,PARTICULAR,N/A
DAÑOS,07/17/2022 12:00:00 AM,"2,022",1899-12-31T18:10:00.000,NOCHE,DOMINGO,TRINIDAD,CALLE 28 CARRERA 23,URBANA,TECNICO,3.52596,-76.30346,DESOBEDECER SEÑAL DE PARE,112,NO APLICA,CHOQUE,38,MASCULINO,NO APLICA,N/A,N/A,N/A,N/A,PUBLICO,N/A
DAÑOS,04/29/2022 12:00:00 AM,"2,022",1899-12-31T16:00:00.000,TARDE,VIERNES,SESQUI,CARRERA 24 CALLE 12,URBANA,TECNICO,3.5104,-76.29585,FRENAR BRUSCAMENTE,119,NO APLICA,CHOQUE,32,MASCULINO,NO APLICA,N/A,N/A,N/A,N/A,PARTICULAR,N/A
DAÑOS,04/22/2022 12:00:00 AM,"2,022",1899-12-31T21:10:00.000,NOCHE,VIERNES,INDUSTRIAL,CALLE 42 CARRERA 35,URBANA,TECNICO,3.53875,-76.30684,NO RESPETAR PRELACION,132,NO APLICA,CHOQUE,64,MASCULINO,NO APLICA,N/A,N/A,N/A,N/A,PARTICULAR,N/A
DAÑOS,03/14/2022 12:00:00 AM,"2,022",1899-12-31T13:40:00.000,TARDE,LUNES,SANTA RITA,CALLE 36 CARRERA 28,URBANA,TECNICO,3.5328,-76.29804,SEMAFORO EN ROJO,142,NO APLICA,CHOQUE,28,MASCULINO,NO APLICA,N/A,N/A,N/A,N/A,PARTICULAR,N/A
DAÑOS,04/18/2022 12:00:00 AM,"2,022",1899-12-31T08:40:00.000,MAÑANA,LUNES,BARRIO NUEVO,CARRERA 31 CALLE 21-16,URBANA,TECNICO,3.52016,-76.30291,ARRANCAR SIN PRECAUCION,145,NO APLICA,CHOQUE,60,MASCULINO,NO APLICA,N/A,N/A,N/A,N/A,PARTICULAR,N/A
DAÑOS,04/22/2022 12:00:00 AM,"2,022",1899-12-31T21:10:00.000,NOCHE,VIERNES,INDUSTRIAL,CALLE 42 CARRERA 35,URBANA,TECNICO,3.53875,-76.30684,NO RESPETAR PRELACION,132,NO APLICA,CHOQUE,51,MASCULINO,NO APLICA,N/A,N/A,N/A,N/A,PARTICULAR,N/A
DAÑOS,04/23/2022 12:00:00 AM,"2,022",1899-12-31T11:00:00.000,MAÑANA,SABADO,SAN PEDRO,CARRERA 19 CALLE 35,URBANA,TECNICO,3.53099,-76.29043,SEMAFORO EN ROJO,142,NO APLICA,CHOQUE,42,MASCULINO,NO APLICA,N/A,N/A,N/A,N/A,PARTICULAR,N/A
DAÑOS,03/13/2022 12:00:00 AM,"2,022",1899-12-31T13:00:00.000,TARDE,DOMINGO,PORTALES DEL RECREO,CALLE 21 CARRERA 30,URBANA,TECNICO,3.51976,-76.30206,DESOBEDECER SEÑAL DE PARE,112,NO APLICA,CHOQUE,69,MASCULINO,NO APLICA,N/A,N/A,N/A,N/A,PARTICULAR,N/A
DAÑOS,03/04/2022 12:00:00 AM,"2,022",1899-12-31T14:30:00.000,TARDE,VIERNES,VIA PALMIRA BARRANCAS,KM 3 SAN JOSE,RURAL,TECNICO,3.5491,-76.248,REVERSO IMPRUDENTE,134,NO APLICA,CHOQUE,31,MASCULINO,NO APLICA,N/A,N/A,N/A,N/A,PARTICULAR,N/A
DAÑOS,04/01/2022 12:00:00 AM,"2,022",1899-12-31T17:00:00.000,TARDE,VIERNES,PRADO,CALLE 41 CARRERA 41,URBANA,TECNICO,3.53784,-76.31145,ARRANCAR SIN PRECAUCION,145,NO APLICA,CHOQUE,69,MASCULINO,NO APLICA,N/A,N/A,N/A,N/A,PARTICULAR,N/A
DAÑOS,04/13/2022 12:00:00 AM,"2,022",1899-12-31T08:20:00.000,MAÑANA,MIERCOLES,ZONA FRANCA  DEL PACIFICO,CALLE 4 CARRERA 5,RURAL,TECNICO,3.56325,-76.45009,FALLA SOPORTE QUINTA RUEDA,217,NO APLICA,VOLCAMIENTO,61,MASCULINO,NO APLICA,N/A,N/A,N/A,N/A,PUBLICO,N/A
DAÑOS,03/31/2022 12:00:00 AM,"2,022",1899-12-31T14:00:00.000,TARDE,JUEVES,VERSALLES,CALLE 42 CARRERA 28-47,URBANA,TECNICO,3.53797,-76.29759,ADELANTAR POR LA DERECHA,102,NO APLICA,CHOQUE,29,MASCULINO,NO APLICA,N/A,N/A,N/A,N/A,PARTICULAR,N/A
DAÑOS,03/25/2022 12:00:00 AM,"2,022",1899-12-31T10:00:00.000,MAÑANA,VIERNES,CHAPINERO,CARRERA 32 CALLE 16,URBANA,TECNICO,3.51517,-76.30537,NO RESPETAR PRELACION,132,NO APLICA,CHOQUE,30,MASCULINO,NO APLICA,N/A,N/A,N/A,N/A,PUBLICO,N/A
DAÑOS,02/07/2022 12:00:00 AM,"2,022",1899-12-31T08:10:00.000,MAÑANA,LUNES,SESQUI,CALLE 11 CARRERA 24-05,URBANA,TECNICO,3.5098,-76.29606,NO MANTENER DISTANCIA SEGURIDAD,121,NO APLICA,CHOQUE,52,MASCULINO,NO APLICA,N/A,N/A,N/A,N/A,PARTICULAR,N/A
DAÑOS,07/21/2022 12:00:00 AM,"2,022",1899-12-31T17:50:00.000,TARDE,JUEVES,BARRIO NUEVO,CARRERA 32 CALLE 26,URBANA,TECNICO,3.52408,-76.30305,PONER EN MARCHA VEHICULO SIN PRECAUCION,143,NO APLICA,CHOQUE,45,FEMENINA,NO APLICA,N/A,N/A,N/A,N/A,PARTICULAR,N/A
DAÑOS,05/15/2022 12:00:00 AM,"2,022",1899-12-31T19:50:00.000,NOCHE,DOMINGO,ITALIA,CARRERA 24 CALLE 6-87,URBANA,TECNICO,3.50578,-76.29595,ADELANTAR CERRANDO,103,NO APLICA,CHOQUE,60,MASCULINO,NO APLICA,N/A,N/A,N/A,N/A,PARTICULAR,N/A
DAÑOS,05/19/2022 12:00:00 AM,"2,022",1899-12-31T14:10:00.000,TARDE,JUEVES,CENTRO,CARRERA 32 CALLE 28-44,URBANA,TECNICO,3.52646,-76.30261,ADELANTAR CERRANDO,103,NO APLICA,CHOQUE,38,MASCULINO,NO APLICA,N/A,N/A,N/A,N/A,PARTICULAR,N/A
DAÑOS,06/20/2022 12:00:00 AM,"2,022",1899-12-31T22:10:00.000,NOCHE,LUNES,CAMPESTRE,CARRERA 2 CALLE 42,URBANA,TECNICO,3.53677,-76.27804,SEMAFORO EN ROJO,142,NO APLICA,CHOQUE,53,MASCULINO,NO APLICA,N/A,N/A,N/A,N/A,PARTICULAR,N/A
DAÑOS,04/28/2022 12:00:00 AM,"2,022",1899-12-31T13:50:00.000,TARDE,JUEVES,VERSALLES,CARRERA 28 CALLE 42-03,URBANA,TECNICO,3.53823,-76.29715,PONER EN MARCHA VEHICULO SIN PRECAUCION,143,NO APLICA,CHOQUE,51,MASCULINO,NO APLICA,N/A,N/A,N/A,N/A,PARTICULAR,N/A
DAÑOS,02/02/2022 12:00:00 AM,"2,022",1899-12-31T09:00:00.000,MAÑANA,MIERCOLES,BARRIO NUEVO,CARRERA 30 CALLE 20,URBANA,TECNICO,3.51879,-76.30223,DESOBEDECER SEÑAL DE PARE,112,NO APLICA,CHOQUE,23,MASCULINO,NO APLICA,N/A,N/A,N/A,N/A,PARTICULAR,N/A
DAÑOS,06/29/2022 12:00:00 AM,"2,022",1899-12-31T16:05:00.000,TARDE,MIERCOLES,URIBE,CALLE 33 CARRERA 21,URBANA,TECNICO,3.52946,-76.29262,DESOBEDECER SEÑAL DE PARE,112,NO APLICA,CHOQUE,73,MASCULINO,NO APLICA,N/A,N/A,N/A,N/A,PARTICULAR,N/A
DAÑOS,05/07/2022 12:00:00 AM,"2,022",1899-12-31T21:05:00.000,NOCHE,SABADO,BIZERTA,CALLE 36 CARRERA 21,URBANA,TECNICO,3.53203,-76.29231,DESOBEDECER SEÑAL DE PARE,112,NO APLICA,CHOQUE,48,MASCULINO,NO APLICA,N/A,N/A,N/A,N/A,PARTICULAR,N/A
DAÑOS,07/09/2022 12:00:00 AM,"2,022",1899-12-31T17:30:00.000,TARDE,SABADO,SANTA RITA,CALLE 35 CARRERA 27,URBANA,TECNICO,3.53183,-76.29721,NO ESTAR PENDIENTE DE LA VIA,157,NO APLICA,CHOQUE,59,MASCULINO,NO APLICA,N/A,N/A,N/A,N/A,PARTICULAR,N/A
DAÑOS,05/02/2022 12:00:00 AM,"2,022",1899-12-31T11:00:00.000,MAÑANA,LUNES,FRAY LUIS,CALLE 42 CARRERA 49-03,URBANA,TECNICO,3.5386,-76.31819,DISTRAERSE,157,NO APLICA,CHOQUE OBJETO FIJO POSTE,53,MASCULINO,NO APLICA,N/A,N/A,N/A,N/A,PARTICULAR,N/A
DAÑOS,07/06/2022 12:00:00 AM,"2,022",1899-12-31T23:00:00.000,NOCHE,MIERCOLES,SAN PEDRO,CARRERA 19 CALLE 37,URBANA,TECNICO,3.53275,-76.29053,DESOBEDECER SEÑAL DE PARE,112,NO APLICA,CHOQUE,23,FEMENINA,NO APLICA,N/A,N/A,N/A,N/A,PARTICULAR,N/A
DAÑOS,03/30/2022 12:00:00 AM,"2,022",1899-12-31T13:30:00.000,TARDE,MIERCOLES,CENTRO,CALLE 27 CARRERA 30-27,URBANA,TECNICO,3.52481,-76.3018,ARRANCAR SIN PRECAUCION,143,NO APLICA,CHOQUE,41,MASCULINO,NO APLICA,N/A,N/A,N/A,N/A,PARTICULAR,N/A
DAÑOS,06/29/2022 12:00:00 AM,"2,022",1899-12-31T11:30:00.000,MAÑANA,MIERCOLES,FLORES,CALLE 30 CARRERA 1,URBANA,TECNICO,3.52204,-76.27855,ARRANCAR SIN PRECAUCION,145,NO APLICA,CHOQUE,50,MASCULINO,NO APLICA,N/A,N/A,N/A,N/A,PARTICULAR,N/A
DAÑOS,04/02/2022 12:00:00 AM,"2,022",1899-12-31T18:30:00.000,NOCHE,SABADO,SAN PEDRO,CALLE 42 CARRERA 18-39,URBANA,TECNICO,3.53701,-76.29008,NO ESTAR PENDIENTE DE LA VIA,157,NO APLICA,CHOQUE,54,MASCULINO,NO APLICA,N/A,N/A,N/A,N/A,PARTICULAR,N/A
DAÑOS,03/30/2022 12:00:00 AM,"2,022",1899-12-31T13:30:00.000,TARDE,MIERCOLES,CENTRO,CALLE 27 CARRERA 30-27,URBANA,TECNICO,3.52481,-76.3018,ARRANCAR SIN PRECAUCION,143,NO APLICA,CHOQUE,42,MASCULINO,NO APLICA,N/A,N/A,N/A,N/A,PARTICULAR,N/A
DAÑOS,04/09/2022 12:00:00 AM,"2,022",1899-12-31T11:50:00.000,MAÑANA,SABADO,CHAPINERO SUR,DIAGONAL 4 TRASNVERSAL 31G,URBANA,TECNICO,3.50467,-76.3136,PERDIDA DEL CONTROL DEL VEHICULO,157,NO APLICA,CHOQUE,24,MASCULINO,NO APLICA,N/A,N/A,N/A,N/A,PARTICULAR,N/A
DAÑOS,07/01/2022 12:00:00 AM,"2,022",1899-12-31T12:20:00.000,TARDE,VIERNES,BARRIO NUEVO,CARRERA 33A  CALLE 20-21,URBANA,TECNICO,3.51957,-76.30521,NO MANTENER DISTANCIA SEGURIDAD,121,NO APLICA,CHOQUE,72,MASCULINO,NO APLICA,N/A,N/A,N/A,N/A,PARTICULAR,N/A
DAÑOS,06/07/2022 12:00:00 AM,"2,022",1899-12-31T10:00:00.000,MAÑANA,MARTES,VIA CORONADO  ROZO,PUENTE MALIMBU KM 1+500 POSTE 20726,RURAL,TECNICO,3.57998,-76.32758,NO MANTENER DISTANCIA SEGURIDAD,121,NO APLICA,CHOQUE,24,MASCULINO,NO APLICA,N/A,N/A,N/A,N/A,PARTICULAR,N/A
DAÑOS,10/06/2022 12:00:00 AM,"2,022",1899-12-31T16:30:00.000,TARDE,JUEVES,MERCEDES,CALLE 54 CARRERA 28,URBANA,TECNICO,3.54662,-76.29576,PONER EN MARCHA VEHICULO SIN PRECAUCION,143,NO APLICA,CHOQUE,41,MASCULINO,NO APLICA,N/A,N/A,N/A,N/A,PARTICULAR,N/A
DAÑOS,04/25/2022 12:00:00 AM,"2,022",1899-12-31T14:00:00.000,TARDE,DOMINGO,MERCEDES,CALLE 65 CARRERA 26A-73,URBANA,TECNICO,3.55135,-76.29081,NO ESTAR PENDIENTE DE LA VIA,157,NO APLICA,CHOQUE,27,MASCULINO,NO APLICA,N/A,N/A,N/A,N/A,PARTICULAR,N/A
DAÑOS,04/17/2022 12:00:00 AM,"2,022",1899-12-31T13:50:00.000,TARDE,DOMINGO,CENTRO,CARRERA 28 CALLE 32-18,URBANA,TECNICO,3.5288,-76.29858,PONER EN MARCHA VEHICULO SIN PRECAUCION,143,NO APLICA,CHOQUE,40,MASCULINO,NO APLICA,N/A,N/A,N/A,N/A,PARTICULAR,N/A
DAÑOS,05/31/2022 12:00:00 AM,"2,022",1899-12-31T18:30:00.000,TARDE,MARTES,FLORES,CALLE 30 CARRERA 4,URBANA,TECNICO,3.52276,-76.28008,ARRANCAR SIN PRECAUCION,145,NO APLICA,CHOQUE,67,MASCULINO,NO APLICA,N/A,N/A,N/A,N/A,PARTICULAR,N/A
DAÑOS,04/26/2022 12:00:00 AM,"2,022",1899-12-31T08:20:00.000,MAÑANA,MARTES,ESTONIA,CARRERA 34C CALLE 44 -106,URBANA,TECNICO,3.54022,-76.30234,REVERSO IMPRUDENTE,134,NO APLICA,CHOQUE,51,MASCULINO,NO APLICA,N/A,N/A,N/A,N/A,PARTICULAR,N/A
DAÑOS,04/29/2022 12:00:00 AM,"2,022",1899-12-31T18:20:00.000,NOCHE,VIERNES,CENTRO POBLADO ROZO,CALLE 10 N 14-58,RURAL,TECNICO,3.61494,-76.39,ADELANTAR INVADIENDO CARRIL,104,NO APLICA,CHOQUE,39,MASCULINO,NO APLICA,N/A,N/A,N/A,N/A,PARTICULAR,N/A
DAÑOS,08/15/2022 12:00:00 AM,"2,022",1899-12-31T15:00:00.000,TARDE,LUNES,SANTA BARBARA,CALLE 31 CARRERA 38,URBANA,TECNICO,3.5293,-76.30787,GIRAR BRUSCAMENTE,122,NO APLICA,CHOQUE,33,MASCULINO,NO APLICA,N/A,N/A,N/A,N/A,PARTICULAR,N/A
DAÑOS,06/05/2022 12:00:00 AM,"2,022",1899-12-31T13:00:00.000,TARDE,DOMINGO,MUNICIPAL,CARRERA 1 CALLE 31 30,URBANA,TECNICO,3.5252,-76.27808,NO MANTENER DISTANCIA SEGURIDAD,121,NO APLICA,CHOQUE,24,MASCULINO,NO APLICA,N/A,N/A,N/A,N/A,PARTICULAR,N/A
DAÑOS,07/29/2022 12:00:00 AM,"2,022",1899-12-31T12:30:00.000,TARDE,VIERNES,CENTRO,CALLE 29 CARRERA 28,URBANA,TECNICO,3.52607,-76.29906,ADELANTAR CERRANDO,103,NO APLICA,CHOQUE,46,MASCULINO,NO APLICA,N/A,N/A,N/A,N/A,PARTICULAR,N/A
DAÑOS,03/28/2022 12:00:00 AM,"2,022",1899-12-31T16:30:00.000,TARDE,LUNES,SIMON BOLIVAR,CARRERA 38 CALLE 55,URBANA,TECNICO,3.54684,-76.31015,NO RESPETAR PRELACION,123,NO APLICA,CHOQUE,61,MASCULINO,NO APLICA,N/A,N/A,N/A,N/A,PARTICULAR,N/A
DAÑOS,03/06/2022 12:00:00 AM,"2,022",1899-12-31T14:50:00.000,TARDE,DOMINGO,SANTA RITA,CARRERA 27 CALLE 38,URBANA,TECNICO,3.53466,-76.29673,DESOBEDECER SEÑAL DE PARE,112,NO APLICA,CHOQUE,26,MASCULINO,NO APLICA,N/A,N/A,N/A,N/A,PARTICULAR,N/A
DAÑOS,06/21/2022 12:00:00 AM,"2,022",1899-12-31T07:00:00.000,MAÑANA,MARTES,JORGE ELIECER GAITAN,CALLE 42 FRENTE AL No. 34b-10,URBANA,TECNICO,3.5388,-76.30477,NO MANTENER DISTANCIA SEGURIDAD,121,NO APLICA,CHOQUE,37,MASCULINO,NO APLICA,N/A,N/A,N/A,N/A,PUBLICO,N/A
DAÑOS,05/30/2022 12:00:00 AM,"2,022",1899-12-31T14:40:00.000,TARDE,LUNES,RINCON DE LAS FLORES,CARRERA 12 CALLE 20,URBANA,TECNICO,3.51823,-76.2857,NO ESTAR PENDIENTE DE LA VIA,157,NO APLICA,CHOQUE,59,MASCULINO,NO APLICA,N/A,N/A,N/A,N/A,PARTICULAR,N/A
DAÑOS,05/19/2022 12:00:00 AM,"2,022",1899-12-31T15:40:00.000,TARDE,JUEVES,VERSALLES,CALLE 42 CARRERA 25-16,URBANA,TECNICO,3.53764,-76.29457,NO MANTENER DISTANCIA SEGURIDAD,121,NO APLICA,CHOQUE,57,MASCULINO,NO APLICA,N/A,N/A,N/A,N/A,PARTICULAR,N/A
DAÑOS,03/08/2022 12:00:00 AM,"2,022",1899-12-31T11:15:00.000,MAÑANA,MARTES,SAN PEDRO,CALLE 37 CARRERA 19,URBANA,TECNICO,3.53274,-76.2905,NO MANTENER DISTANCIA SEGURIDAD,121,NO APLICA,CHOQUE,56,MASCULINO,NO APLICA,N/A,N/A,N/A,N/A,PUBLICO,N/A
DAÑOS,03/12/2022 12:00:00 AM,"2,022",1899-12-31T12:00:00.000,TARDE,SABADO,VERSALLES,CALLE 42 CARRERA 28,URBANA,TECNICO,3.53811,-76.29737,PONER EN MARCHA VEHICULO SIN PRECAUCION,145,NO APLICA,CHOQUE,41,MASCULINO,NO APLICA,N/A,N/A,N/A,N/A,PARTICULAR,N/A
DAÑOS,06/01/2022 12:00:00 AM,"2,022",1899-12-31T18:30:00.000,NOCHE,MIERCOLES,SAN PEDRO,CARRERA 19 CALLE 41,URBANA,TECNICO,3.53642,-76.29062,ADELANTAR CERRANDO,103,NO APLICA,CHOQUE,28,MASCULINO,NO APLICA,N/A,N/A,N/A,N/A,PARTICULAR,N/A
DAÑOS,04/09/2022 12:00:00 AM,"2,022",1899-12-31T11:50:00.000,MAÑANA,SABADO,CHAPINERO SUR,DIAGONAL 4 TRASNVERSAL 31G,URBANA,TECNICO,3.50467,-76.3136,PERDIDA DEL CONTROL DEL VEHICULO,157,NO APLICA,CHOQUE,24,MASCULINO,NO APLICA,N/A,N/A,N/A,N/A,PARTICULAR,N/A
DAÑOS,06/30/2022 12:00:00 AM,"2,022",1899-12-31T17:30:00.000,TARDE,VIERNES,LA TRINIDAD,CARRERA 25 CALLE 28,URBANA,TECNICO,3.52489,-76.29671,ARRANCAR SIN PRECAUCION,145,NO APLICA,CHOQUE,44,MASCULINO,NO APLICA,N/A,N/A,N/A,N/A,PUBLICO,N/A
DAÑOS,10/06/2022 12:00:00 AM,"2,022",1899-12-31T16:30:00.000,TARDE,JUEVES,MERCEDES,CALLE 54 CARRERA 28,URBANA,TECNICO,3.54662,-76.29576,PONER EN MARCHA VEHICULO SIN PRECAUCION,143,NO APLICA,CHOQUE,39,MASCULINO,NO APLICA,N/A,N/A,N/A,N/A,PARTICULAR,N/A
DAÑOS,06/13/2022 12:00:00 AM,"2,022",1899-12-31T21:00:00.000,NOCHE,LUNES,CENTRO POBLADO ROZO,CALLE 10 CARRERA 14A-139,RURAL,TECNICO,3.61499,-76.39058,NO MANTENER DISTANCIA SEGURIDAD,121,NO APLICA,CHOQUE,62,MASCULINO,NO APLICA,N/A,N/A,N/A,N/A,PARTICULAR,N/A
DAÑOS,04/22/2022 12:00:00 AM,"2,022",1899-12-31T21:30:00.000,MAÑANA,VIERNES,ZAMORANO,CALLE 65 DIAGONAL 31,URBANA,TECNICO,3.55471,-76.29748,NO MANTENER DISTANCIA SEGURIDAD,121,NO APLICA,CHOQUE,50,FEMENINA,NO APLICA,N/A,N/A,N/A,N/A,PARTICULAR,N/A
DAÑOS,05/27/2022 12:00:00 AM,"2,022",1899-12-31T18:55:00.000,NOCHE,VIERNES,FRAY LUIS,CALLE 42 CARRERA 39,URBANA,TECNICO,3.53862,-76.31785,NO MANTENER DISTANCIA SEGURIDAD,121,NO APLICA,CHOQUE,46,FEMENINA,NO APLICA,N/A,N/A,N/A,N/A,PARTICULAR,N/A
DAÑOS,07/01/2022 12:00:00 AM,"2,022",1899-12-31T17:20:00.000,TARDE,VIERNES,POPULAR MODELO,CARRERA 1 CALLE 32 -33,URBANA,TECNICO,3.52753,-76.27748,PONER EN MARCHA VEHICULO SIN PRECAUCION,143,NO APLICA,CHOQUE,17,FEMENINA,NO APLICA,N/A,N/A,N/A,N/A,PARTICULAR,N/A
DAÑOS,07/13/2022 12:00:00 AM,"2,022",1899-12-31T18:30:00.000,NOCHE,MIERCOLES,CENTRO POBLADO LA HERRADURA,CASA 85,RURAL,TECNICO,3.53693,-76.34983,REVERSO IMPRUDENTE,134,NO APLICA,CHOQUE,32,MASCULINO,NO APLICA,N/A,N/A,N/A,N/A,PARTICULAR,N/A
DAÑOS,02/03/2022 12:00:00 AM,"2,022",1899-12-31T07:10:00.000,MAÑANA,JUEVES,SANTA BARBARA,CALLE 31 CARRERA 43 -41,URBANA,TECNICO,3.53001,-76.31343,ADELANTAR POR LA DERECHA,102,NO APLICA,CHOQUE,52,MASCULINO,NO APLICA,N/A,N/A,N/A,N/A,PUBLICO,N/A
DAÑOS,07/01/2022 12:00:00 AM,"2,022",1899-12-31T18:10:00.000,NOCHE,VIERNES,URIBE,CALLE 33 CARRERA 20,URBANA,TECNICO,3.52934,-76.29176,DESOBEDECER SEÑAL DE PARE,112,NO APLICA,CHOQUE,65,MASCULINO,NO APLICA,N/A,N/A,N/A,N/A,PARTICULAR,N/A
DAÑOS,04/09/2022 12:00:00 AM,"2,022",1899-12-31T10:30:00.000,MAÑANA,SABADO,SANTA TERESITA,CARRERA 35 CALLE 49-50,URBANA,TECNICO,3.54399,-76.30758,NO MANTENER DISTANCIA SEGURIDAD,121,NO APLICA,CHOQUE,47,MASCULINO,NO APLICA,N/A,N/A,N/A,N/A,PUBLICO,N/A