CLASE ACCIDENTE,FECHA,AÑO,HORA,JORNADA,DIA_SEMANA,BARRIOS-CORREGIMIENTO- VIA,DIRECCION,ZONA,AUTORIDAD,LAT,LONG,HIPOTESIS,CODIGO,CONDICION DE LA VICTIMA,GRAVEDAD,EDAD,GENERO,LESIONADOS Y MUERTOS,CLINICA,CLASE VEHICULO,MARCA,MATRICULA,TIPO DE SERVICIO,EMPRESA
DAÑOS,05/14/2022 12:00:00 AM,"2,022",1899-12-31T21:00:00.000,NOCHE,SABADO,VERSALLES,CALLE 42 CARRERA 28,URBANA,TECNICO,3.5379,-76.29739,MAL USO DEL CARRIL,157,NO APLICA,CHOQUE,58,MASCULINO,NO APLICA,N/A,N/A,N/A,N/A,PARTICULAR,N/A
DAÑOS,06/02/2022 12:00:00 AM,"2,022",1899-12-31T19:00:00.000,NOCHE,JUEVES,LOS PINOS,CALLE 42 CARRERA 22,URBANA,TECNICO,3.53727,-76.29241,NO MANTENER DISTANCIA SEGURIDAD,121,NO APLICA,CHOQUE,52,MASCULINO,NO APLICA,N/A,N/A,N/A,N/A,PUBLICO,N/A
DAÑOS,03/23/2022 12:00:00 AM,"2,022",1899-12-31T16:30:00.000,TARDE,MIERCOLES,CENTRO,CALLE 32 CARRERA 25,URBANA,TECNICO,3.52847,-76.29614,NO ESTAR PENDIENTE DE LA VIA,157,NO APLICA,CHOQUE,34,MASCULINO,NO APLICA,N/A,N/A,N/A,N/A,PARTICULAR,N/A
DAÑOS,05/14/2022 12:00:00 AM,"2,022",1899-12-31T15:40:00.000,TARDE,SABADO,BERLIN,CALLE 42 CARRERA 31-80,URBANA,TECNICO,3.53838,-76.30038,REVERSO IMPRUDENTE,134,NO APLICA,CHOQUE,34,MASCULINO,NO APLICA,N/A,N/A,N/A,N/A,PARTICULAR,N/A
DAÑOS,05/26/2022 12:00:00 AM,"2,022",1899-12-31T23:00:00.000,NOCHE,JUEVES,CENTRO,CALLE 28 CARRERA 32-33,URBANA,TECNICO,3.52591,-76.30321,TRANSITAR POR ZONAS PROHIBIDAS,157,NO APLICA,OTRO,43,MASCULINO,NO APLICA,N/A,N/A,N/A,N/A,PUBLICO,N/A
DAÑOS,03/13/2022 12:00:00 AM,"2,022",1899-12-31T09:40:00.000,MAÑANA,DOMINGO,MONTECLARO,CARRERA 28 CALLE 74,URBANA,TECNICO,3.55977,-76.29091,NO ESTAR PENDIENTE DE LA VIA,157,NO APLICA,CHOQUE,48,MASCULINO,NO APLICA,N/A,N/A,N/A,N/A,PARTICULAR,N/A
DAÑOS,07/17/2022 12:00:00 AM,"2,022",1899-12-31T11:45:00.000,MAÑANA,DOMINGO,CENTRO,CALLE 29 CARRERA 33,URBANA,TECNICO,3.5267,-76.30344,DESOBEDECER SEÑAL DE PARE,112,NO APLICA,CHOQUE,60,MASCULINO,NO APLICA,N/A,N/A,N/A,N/A,PARTICULAR,N/A
DAÑOS,02/11/2022 12:00:00 AM,"2,022",1899-12-31T22:30:00.000,NOCHE,VIERNES,FLORES,CALLE 30 CARRERA 3,URBANA,TECNICO,3.52226,-76.27945,ADELANTAR ZONA PROHIBIDAD,105,NO APLICA,CHOQUE,17,MASCULINO,NO APLICA,N/A,N/A,N/A,N/A,PARTICULAR,N/A
DAÑOS,04/18/2022 12:00:00 AM,"2,022",1899-12-31T17:00:00.000,TARDE,LUNES,CHAPINERO SUR,CARRERA 32 DIAGONAL 4,URBANA,TECNICO,3.50563,-76.31448,ADELANTAR POR LA DERECHA,102,NO APLICA,CHOQUE,46,MASCULINO,NO APLICA,N/A,N/A,N/A,N/A,PARTICULAR,N/A
DAÑOS,07/14/2022 12:00:00 AM,"2,022",1899-12-31T18:20:00.000,NOCHE,JUEVES,PRIMERO DE MAYO,CALLE 42 CARRERA 19,URBANA,TECNICO,3.53706,-76.2906,SEMAFORO EN ROJO,142,NO APLICA,CHOQUE,23,MASCULINO,NO APLICA,N/A,N/A,N/A,N/A,PARTICULAR,N/A
DAÑOS,02/07/2022 12:00:00 AM,"2,022",1899-12-31T14:10:00.000,TARDE,MIERCOLES,PRADO,CALLE 42 CARRERA 43 -44,URBANA,TECNICO,3.53887,-76.31334,NO MANTENER DISTANCIA SEGURIDAD,121,NO APLICA,CHOQUE,28,MASCULINO,NO APLICA,N/A,N/A,N/A,N/A,PARTICULAR,N/A
DAÑOS,06/23/2022 12:00:00 AM,"2,022",1899-12-31T10:15:00.000,MAÑANA,JUEVES,OBRERO,CARRERA 29 CALLE 36-29,URBANA,TECNICO,3.53291,-76.29887,NO MANTENER DISTANCIA SEGURIDAD,121,NO APLICA,CHOQUE,31,MASCULINO,NO APLICA,N/A,N/A,N/A,N/A,PARTICULAR,N/A
DAÑOS,05/16/2022 12:00:00 AM,"2,022",1899-12-31T04:50:00.000,MADRUGADA,LUNES,CENTRO,CALLE 31 CARRERA 32,URBANA,TECNICO,3.52853,-76.30229,SEMAFORO EN ROJO,142,NO APLICA,CHOQUE,22,MASCULINO,NO APLICA,N/A,N/A,N/A,N/A,PARTICULAR,N/A
DAÑOS,04/01/2022 12:00:00 AM,"2,022",1899-12-31T17:00:00.000,TARDE,VIERNES,PRADO,CALLE 41 CARRERA 41,URBANA,TECNICO,3.53784,-76.31145,ARRANCAR SIN PRECAUCION,145,NO APLICA,CHOQUE,40,MASCULINO,NO APLICA,N/A,N/A,N/A,N/A,PARTICULAR,N/A
DAÑOS,03/02/2022 12:00:00 AM,"2,022",1899-12-31T09:15:00.000,MAÑANA,MIERCOLES,FLORES,CARRERA 2 CALLE 25,URBANA,TECNICO,3.52055,-76.2785,DESOBEDECER SEÑAL DE PARE,112,NO APLICA,CHOQUE,28,FEMENINA,NO APLICA,N/A,N/A,N/A,N/A,PARTICULAR,N/A
DAÑOS,06/02/2022 12:00:00 AM,"2,022",1899-12-31T10:30:00.000,MAÑANA,JUEVES,CENTRO,CALLE 32 A CARRERA 27,URBANA,TECNICO,3.52857,-76.29773,NO PREVEER LA ALTURA,157,NO APLICA,CHOQUE REDES ELECTRICAS,29,MASCULINO,NO APLICA,N/A,N/A,N/A,N/A,PUBLICO,N/A
DAÑOS,04/05/2022 12:00:00 AM,"2,022",1899-12-31T14:00:00.000,TARDE,MARTES,CENTRO,CALLE 28 CARRERA 25 -56,URBANA,TECNICO,3.52495,-76.29705,NO ESTAR PENDIENTE DE LA VIA,157,NO APLICA,CHOQUE,67,MASCULINO,NO APLICA,N/A,N/A,N/A,N/A,PARTICULAR,N/A
DAÑOS,05/18/2022 12:00:00 AM,"2,022",1899-12-31T07:00:00.000,MAÑANA,MIERCOLES,DANUBIO,CALLE 33 CARRERA 19,URBANA,TECNICO,3.52923,-76.29041,ADELANTAR POR LA DERECHA,102,NO APLICA,CHOQUE,26,MASCULINO,NO APLICA,N/A,N/A,N/A,N/A,PARTICULAR,N/A
DAÑOS,07/12/2022 12:00:00 AM,"2,022",1899-12-31T13:50:00.000,TARDE,MARTES,INGENIO MANUELITA,KM 7,RURAL,TECNICO,3.58374,-76.29936,REVERSO IMPRUDENTE,134,NO APLICA,CHOQUE VEHICULO ESTACIONADO,20,MASCULINO,NO APLICA,N/A,N/A,N/A,N/A,PARTICULAR,N/A
DAÑOS,06/25/2022 12:00:00 AM,"2,022",1899-12-31T22:50:00.000,NOCHE,SABADO,MUNICIPAL,CARRERA 1 CALLE 31 30,URBANA,TECNICO,3.52506,-76.27813,NO MANTENER DISTANCIA SEGURIDAD,121,NO APLICA,CHOQUE,37,MASCULINO,NO APLICA,N/A,N/A,N/A,N/A,PARTICULAR,N/A
DAÑOS,04/06/2022 12:00:00 AM,"2,022",1899-12-31T15:40:00.000,TARDE,MIERCOLES,PRADO,CARRERA 41 CALLE 35,URBANA,TECNICO,3.53228,-76.31135,SEMAFORO EN ROJO,142,NO APLICA,CHOQUE,36,MASCULINO,NO APLICA,N/A,N/A,N/A,N/A,PARTICULAR,N/A
DAÑOS,06/22/2022 12:00:00 AM,"2,022",1899-12-31T17:30:00.000,TARDE,MIERCOLES,ZAMORANO,CALLE 65 FRENTE No. 31B-26,URBANA,TECNICO,3.55462,-76.29827,TRANSITAR CON LAS PUERTAS ABIERTAS,154,NO APLICA,CHOQUE,36,MASCULINO,NO APLICA,N/A,N/A,N/A,N/A,PUBLICO,N/A
DAÑOS,05/03/2022 12:00:00 AM,"2,022",1899-12-31T17:20:00.000,TARDE,MARTES,VIA PALMIRA TIENDA NUEVA,KM 3,RURAL,TECNICO,3.5492,-76.24723,ARRANCAR SIN PRECAUCION,145,NO APLICA,CHOQUE,31,MASCULINO,NO APLICA,N/A,N/A,N/A,N/A,PARTICULAR,N/A
DAÑOS,04/26/2022 12:00:00 AM,"2,022",1899-12-31T08:20:00.000,MAÑANA,MARTES,ESTONIA,CARRERA 34C CALLE 44 -106,URBANA,TECNICO,3.54022,-76.30234,REVERSO IMPRUDENTE,134,NO APLICA,CHOQUE,39,MASCULINO,NO APLICA,N/A,N/A,N/A,N/A,PUBLICO,N/A
DAÑOS,02/16/2022 12:00:00 AM,"2,022",1899-12-31T19:00:00.000,NOCHE,MIERCOLES,RIVERA ESCOBAR,CARRERA 36 CALLE 30-54,URBANA,TECNICO,3.52782,-76.30683,ESTACIONAR SIN SEGURIDAD,125,NO APLICA,CHOQUE,30,MASCULINO,NO APLICA,N/A,N/A,N/A,N/A,PARTICULAR,N/A
DAÑOS,06/24/2022 12:00:00 AM,"2,022",1899-12-31T19:00:00.000,NOCHE,VIERNES,OLIMPICO,CALLE 26 CARRERA 42,URBANA,TECNICO,3.52524,-76.31237,ARRANCAR SIN PRECAUCION,145,NO APLICA,CHOQUE,34,MASCULINO,NO APLICA,N/A,N/A,N/A,N/A,PARTICULAR,N/A
DAÑOS,06/26/2022 12:00:00 AM,"2,022",1899-12-31T12:50:00.000,TARDE,DOMINGO,FRAY LUIS,CALLE 42 CARRERA 37-63,URBANA,TECNICO,3.53888,-76.30827,NO MANTENER DISTANCIA SEGURIDAD,121,NO APLICA,CHOQUE,37,MASCULINO,NO APLICA,N/A,N/A,N/A,N/A,PARTICULAR,N/A
DAÑOS,05/05/2022 12:00:00 AM,"2,022",1899-12-31T16:20:00.000,TARDE,JUEVES,VERSALLES,CARRERA 28 CALLE 41-68,URBANA,TECNICO,3.53778,-76.29723,ARRANCAR SIN PRECAUCION,145,NO APLICA,CHOQUE,35,MASCULINO,NO APLICA,N/A,N/A,N/A,N/A,PARTICULAR,N/A
DAÑOS,06/25/2022 12:00:00 AM,"2,022",1899-12-31T13:00:00.000,TARDE,SABADO,VIA CORONADO  ROZO,KM10 FRENTE A METALES DE COLOMBIA,RURAL,TECNICO,3.59503,-76.3733,POR ESTABLECER,157,NO APLICA,CHOQUE,48,MASCULINO,NO APLICA,N/A,N/A,N/A,N/A,PARTICULAR,N/A
DAÑOS,04/17/2022 12:00:00 AM,"2,022",1899-12-31T13:50:00.000,TARDE,DOMINGO,CENTRO,CARRERA 28 CALLE 32-18,URBANA,TECNICO,3.5288,-76.29858,PONER EN MARCHA VEHICULO SIN PRECAUCION,143,NO APLICA,CHOQUE,65,MASCULINO,NO APLICA,N/A,N/A,N/A,N/A,PUBLICO,N/A
DAÑOS,08/15/2022 12:00:00 AM,"2,022",1899-12-31T15:00:00.000,TARDE,LUNES,PALMIRA LOS CEIBOS,KM 15 + 197 MTS,URBANA,TECNICO,3.61753,-76.19939,NO MANTENER DISTANCIA SEGURIDAD,121,NO APLICA,CHOQUE,47,MASCULINO,NO APLICA,N/A,N/A,N/A,N/A,PARTICULAR,N/A
DAÑOS,06/13/2022 12:00:00 AM,"2,022",1899-12-31T16:30:00.000,TARDE,LUNES,VERSALLES,CALLE 43 CARRERA 28,URBANA,TECNICO,3.5392,-76.29086,REALIZAR GIRO SIN TOMAR PRECAUCIONES,157,NO APLICA,CHOQUE,40,MASCULINO,NO APLICA,N/A,N/A,N/A,N/A,PUBLICO,N/A
DAÑOS,03/04/2022 12:00:00 AM,"2,022",1899-12-31T13:00:00.000,TARDE,VIERNES,LOS PINOS,CALLE 42 CARRERA 20-15,URBANA,TECNICO,3.53717,-76.29123,NO ESTAR PENDIENTE DE LA VIA,157,NO APLICA,CHOQUE,43,MASCULINO,NO APLICA,N/A,N/A,N/A,N/A,PARTICULAR,N/A
DAÑOS,04/21/2022 12:00:00 AM,"2,022",1899-12-31T00:30:00.000,MADRUGADA,JUEVES,CENTRO,CALLE 28 CARRERA 32,URBANA,TECNICO,3.52584,-76.30269,NO RESPETAR PRELACION,132,NO APLICA,CHOQUE,30,MASCULINO,NO APLICA,N/A,N/A,N/A,N/A,PARTICULAR,N/A
DAÑOS,04/27/2022 12:00:00 AM,"2,022",1899-12-31T18:50:00.000,NOCHE,MIERCOLES,OLIMPICO,CALLE 27 CARRERA 35-65,URBANA,TECNICO,3.52559,-76.30644,NO ESTAR PENDIENTE DE LA VIA,157,NO APLICA,CHOQUE,37,MASCULINO,NO APLICA,N/A,N/A,N/A,N/A,PARTICULAR,N/A
DAÑOS,07/17/2022 12:00:00 AM,"2,022",1899-12-31T11:45:00.000,MAÑANA,DOMINGO,CENTRO,CALLE 29 CARRERA 33,URBANA,TECNICO,3.5267,-76.30344,DESOBEDECER SEÑAL DE PARE,112,NO APLICA,CHOQUE,43,MASCULINO,NO APLICA,N/A,N/A,N/A,N/A,PARTICULAR,N/A
DAÑOS,04/08/2022 12:00:00 AM,"2,022",1899-12-31T10:45:00.000,MAÑANA,VIERNES,SANTA RITA,CALLE 33 CARRERA 27 -40,URBANA,TECNICO,3.53023,-76.29793,NO MANTENER DISTANCIA SEGURIDAD,121,NO APLICA,CHOQUE,40,MASCULINO,NO APLICA,N/A,N/A,N/A,N/A,PARTICULAR,N/A
DAÑOS,07/29/2022 12:00:00 AM,"2,022",1899-12-31T12:30:00.000,TARDE,VIERNES,CENTRO,CALLE 29 CARRERA 28,URBANA,TECNICO,3.52607,-76.29906,ADELANTAR CERRANDO,103,NO APLICA,CHOQUE,32,MASCULINO,NO APLICA,N/A,N/A,N/A,N/A,PUBLICO,N/A
DAÑOS,10/02/2022 12:00:00 AM,"2,022",1899-12-31T10:50:00.000,MAÑANA,DOMINGO,CENTRO,CALLE 27 CARRERA 31,URBANA,TECNICO,3.52486,-76.30209,DESOBEDECER SEÑAL DE PARE,112,NO APLICA,CHOQUE,29,MASCULINO,NO APLICA,N/A,N/A,N/A,N/A,PARTICULAR,N/A
DAÑOS,03/01/2022 12:00:00 AM,"2,022",1899-12-31T20:30:00.000,NOCHE,DOMINGO,RIVERA ESCOBAR,CALLE 31 CARRERA 36,URBANA,TECNICO,3.5291,-76.30653,NO MANTENER DISTANCIA SEGURIDAD,121,NO APLICA,CHOQUE,24,MASCULINO,NO APLICA,N/A,N/A,N/A,N/A,PARTICULAR,N/A
DAÑOS,07/10/2022 12:00:00 AM,"2,022",1899-12-31T17:10:00.000,TARDE,DOMINGO,ALFONSO LOPEZ,CALLE 42 CARRERA 32,URBANA,TECNICO,3.53837,-76.30089,ARRANCAR SIN PRECAUCION,145,NO APLICA,CHOQUE,44,MASCULINO,NO APLICA,N/A,N/A,N/A,N/A,PARTICULAR,N/A
DAÑOS,07/28/2022 12:00:00 AM,"2,022",1899-12-31T08:30:00.000,MAÑANA,JUEVES,VERSALLES,CALLE 42 CARRERA 28-06,URBANA,TECNICO,3.53781,-76.29727,PONER EN MARCHA VEHICULO SIN PRECAUCION,143,NO APLICA,CHOQUE,28,MASCULINO,NO APLICA,N/A,N/A,N/A,N/A,PUBLICO,N/A
DAÑOS,06/24/2022 12:00:00 AM,"2,022",1899-12-31T15:30:00.000,TARDE,VIERNES,MIRRIÑAO,CARRERA 28 No. 60A-62,URBANA,TECNICO,3.55,-76.29424,NO MANTENER DISTANCIA SEGURIDAD,121,NO APLICA,CHOQUE,37,FEMENINA,NO APLICA,N/A,N/A,N/A,N/A,PARTICULAR,N/A
DAÑOS,07/14/2022 12:00:00 AM,"2,022",1899-12-31T21:30:00.000,NOCHE,JUEVES,INDUSTRIAL,CALLE 42 CARRRA 35,URBANA,TECNICO,3.53865,-76.30644,NO RESPETAR PRELACION,132,NO APLICA,CHOQUE,23,MASCULINO,NO APLICA,N/A,N/A,N/A,N/A,PARTICULAR,N/A
DAÑOS,06/01/2022 12:00:00 AM,"2,022",1899-12-31T18:30:00.000,NOCHE,MIERCOLES,SAN PEDRO,CARRERA 19 CALLE 41,URBANA,TECNICO,3.53642,-76.29062,ADELANTAR CERRANDO,103,NO APLICA,CHOQUE,39,MASCULINO,NO APLICA,N/A,N/A,N/A,N/A,PARTICULAR,N/A
DAÑOS,02/11/2022 12:00:00 AM,"2,022",1899-12-31T14:30:00.000,TARDE,VIERNES,COLOMBINA,CALLE 30 CARRERA 21,URBANA,TECNICO,3.52622,-76.29305,PONER EN MARCHA VEHICULO SIN PRECAUCION,143,NO APLICA,CHOQUE,48,MASCULINO,NO APLICA,N/A,N/A,N/A,N/A,PUBLICO,N/A
DAÑOS,06/13/2022 12:00:00 AM,"2,022",1899-12-31T16:30:00.000,TARDE,LUNES,VIA PALMIRA TIENDA NUEVA,CALLEJON ALMENDROS NO. 8-67,RURAL,TECNICO,3.56762,-76.22725,NO TENER PRECAUCION PARA ADELANTAR OTRO VEHICULO,157,NO APLICA,CHOQUE,25,MASCULINO,NO APLICA,N/A,N/A,N/A,N/A,PUBLICO,N/A
DAÑOS,07/01/2022 12:00:00 AM,"2,022",1899-12-31T17:20:00.000,TARDE,VIERNES,POPULAR MODELO,CARRERA 1 CALLE 32 -33,URBANA,TECNICO,3.52753,-76.27748,PONER EN MARCHA VEHICULO SIN PRECAUCION,143,NO APLICA,CHOQUE,25,MASCULINO,NO APLICA,N/A,N/A,N/A,N/A,PUBLICO,N/A
DAÑOS,10/02/2022 12:00:00 AM,"2,022",1899-12-31T15:10:00.000,TARDE,DOMINGO,SAN PEDRO,CALLE 38 CARRERA 17,URBANA,TECNICO,3.53388,-76.28914,TRANSITAR EN CONTRA VIA,127,NO APLICA,CHOQUE,21,MASCULINO,NO APLICA,N/A,N/A,N/A,N/A,PARTICULAR,N/A
DAÑOS,03/16/2022 12:00:00 AM,"2,022",1899-12-31T11:30:00.000,MAÑANA,MIERCOLES,PRADO,CALLE 42 CARRERA 39-40,URBANA,TECNICO,3.53897,-76.31026,NO MANTENER DISTANCIA SEGURIDAD,121,NO APLICA,CHOQUE,32,FEMENINA,NO APLICA,N/A,N/A,N/A,N/A,PARTICULAR,N/A
DAÑOS,10/16/2022 12:00:00 AM,"2,022",1899-12-31T01:10:00.000,MADRUGADA,DOMINGO,SANTA ISABEL,CARRERA 31 CALLE 46,URBANA,TECNICO,3.54143,-76.2995,TRANSITAR EN CONTRA VIA,127,NO APLICA,CHOQUE,21,MASCULINO,NO APLICA,N/A,N/A,N/A,N/A,PARTICULAR,N/A
DAÑOS,10/10/2022 12:00:00 AM,"2,022",1899-12-31T20:10:00.000,NOCHE,LUNES,VIA CORONADO  ROZO,KM 3,URBANA,TECNICO,3.57008,-76.31423,NO MANTENER DISTANCIA SEGURIDAD,121,NO APLICA,CHOQUE,42,MASCULINO,NO APLICA,N/A,N/A,N/A,N/A,PARTICULAR,N/A
DAÑOS,02/16/2022 12:00:00 AM,"2,022",1899-12-31T19:00:00.000,NOCHE,MIERCOLES,RIVERA ESCOBAR,CARRERA 36 CALLE 30-54,URBANA,TECNICO,3.52782,-76.30683,ESTACIONAR SIN SEGURIDAD,125,NO APLICA,CHOQUE,43,MASCULINO,NO APLICA,N/A,N/A,N/A,N/A,PARTICULAR,N/A
DAÑOS,07/14/2022 12:00:00 AM,"2,022",1899-12-31T08:00:00.000,MAÑANA,JUEVES,LOS MANGOS,CARRERA 28 CALLE 70,URBANA,TECNICO,3.55738,-76.29121,GIRAR BRUSCAMENTE,122,NO APLICA,CHOQUE,47,MASCULINO,NO APLICA,N/A,N/A,N/A,N/A,PARTICULAR,N/A
DAÑOS,03/22/2022 12:00:00 AM,"2,022",1899-12-31T14:50:00.000,TARDE,MARTES,PRIMERO DE MAYO,CALLE 41 CARRERA 12,URBANA,TECNICO,3.53634,-76.28493,PONER EN MARCHA VEHICULO SIN PRECAUCION,143,NO APLICA,CHOQUE,27,MASCULINO,NO APLICA,N/A,N/A,N/A,N/A,PARTICULAR,N/A
DAÑOS,06/21/2022 12:00:00 AM,"2,022",1899-12-31T07:00:00.000,MAÑANA,MARTES,JORGE ELIECER GAITAN,CALLE 42 FRENTE AL No. 34b-10,URBANA,TECNICO,3.5388,-76.30477,NO MANTENER DISTANCIA SEGURIDAD,121,NO APLICA,CHOQUE,38,MASCULINO,NO APLICA,N/A,N/A,N/A,N/A,PUBLICO,N/A
DAÑOS,05/07/2022 12:00:00 AM,"2,022",1899-12-31T00:30:00.000,MADRUGADA,SABADO,COLOMBIA,CALLE 36 CARRERA 31,URBANA,TECNICO,3.53203,-76.29231,SEMAFORO EN ROJO,142,NO APLICA,CHOQUE,29,MASCULINO,NO APLICA,N/A,N/A,N/A,N/A,PARTICULAR,N/A
DAÑOS,07/12/2022 12:00:00 AM,"2,022",1899-12-31T21:45:00.000,NOCHE,MARTES,CENTRO,CALLE 28 CARRERA 28-45,URBANA,TECNICO,3.52553,-76.29917,TRANSPORTA PASEJERO PARTE EXTERNA,129,NO APLICA,CHOQUE OBJETO FIJO ANDEN,32,MASCULINO,NO APLICA,N/A,N/A,N/A,N/A,PARTICULAR,N/A
DAÑOS,07/14/2022 12:00:00 AM,"2,022",1899-12-31T23:10:00.000,NOCHE,JUEVES,MUNICIPAL,CARRERA 1 CALLE 32A,URBANA,TECNICO,3.52732,-76.27757,GIRAR SIN TOMAR LAS MEDIDAS DE PRECAUCION,157,NO APLICA,CHOQUE,38,MASCULINO,NO APLICA,N/A,N/A,N/A,N/A,PUBLICO,N/A
DAÑOS,04/11/2022 12:00:00 AM,"2,022",1899-12-31T10:10:00.000,MAÑANA,LUNES,PRADO,CALLE 42 CARRERA 39-12,URBANA,TECNICO,3.53896,-76.30993,NO MANTENER DISTANCIA SEGURIDAD,121,NO APLICA,CHOQUE,48,MASCULINO,NO APLICA,N/A,N/A,N/A,N/A,PUBLICO,N/A
DAÑOS,04/24/2022 12:00:00 AM,"2,022",1899-12-31T13:20:00.000,TARDE,DOMINGO,LOS ROBLES,CARRERA 33A CALLE 19-25,URBANA,TECNICO,3.51824,-76.30542,REVERSO IMPRUDENTE,134,NO APLICA,CHOQUE,43,MASCULINO,NO APLICA,N/A,N/A,N/A,N/A,PARTICULAR,N/A
DAÑOS,07/13/2022 12:00:00 AM,"2,022",1899-12-31T18:30:00.000,NOCHE,MIERCOLES,CENTRO POBLADO LA HERRADURA,CASA 85,RURAL,TECNICO,3.53693,-76.34983,REVERSO IMPRUDENTE,134,NO APLICA,CHOQUE,20,MASCULINO,NO APLICA,N/A,N/A,N/A,N/A,PARTICULAR,N/A
DAÑOS,07/14/2022 12:00:00 AM,"2,022",1899-12-31T14:00:00.000,TARDE,JUEVES,URIBE,CALLE 33 CARRERA 21,URBANA,TECNICO,3.52947,-76.29261,DESOBEDECER SEÑAL DE PARE,112,NO APLICA,CHOQUE,31,MASCULINO,NO APLICA,N/A,N/A,N/A,N/A,PARTICULAR,N/A
DAÑOS,05/15/2022 12:00:00 AM,"2,022",1899-12-31T19:50:00.000,NOCHE,DOMINGO,ITALIA,CARRERA 24 CALLE 6-87,URBANA,TECNICO,3.50578,-76.29595,ADELANTAR CERRANDO,103,NO APLICA,CHOQUE,42,MASCULINO,NO APLICA,N/A,N/A,N/A,N/A,PARTICULAR,N/A
DAÑOS,03/02/2022 12:00:00 AM,"2,022",1899-12-31T07:30:00.000,MAÑANA,MIERCOLES,SANTA RITA,CARRERA 28 CALLE 37A,URBANA,TECNICO,3.53422,-76.2978,NO MANTENER DISTANCIA SEGURIDAD,121,NO APLICA,CHOQUE,45,MASCULINO,NO APLICA,N/A,N/A,N/A,N/A,PARTICULAR,N/A
DAÑOS,05/22/2022 12:00:00 AM,"2,022",1899-12-31T11:00:00.000,MAÑANA,DOMINGO,DEPARTAMENTAL,CARRERA 34A CALLE 51-52,URBANA,TECNICO,3.54511,-76.30267,ESTACIONAR SIN SEGURIDAD,125,NO APLICA,CHOQUE OBJETO FIJO POSTE,59,MASCULINO,NO APLICA,N/A,N/A,N/A,N/A,PARTICULAR,N/A
DAÑOS,05/26/2022 12:00:00 AM,"2,022",1899-12-31T19:50:00.000,NOCHE,JUEVES,SESQUI,CARRERA 32 CALLE 10,URBANA,TECNICO,3.5094,-76.30795,HACER MAL USO DEL CARRIL,157,NO APLICA,CHOQUE,50,MASCULINO,NO APLICA,N/A,N/A,N/A,N/A,PARTICULAR,N/A
DAÑOS,06/24/2022 12:00:00 AM,"2,022",1899-12-31T11:00:00.000,MAÑANA,VIERNES,LA DOLORES,TRANSV 1 No. 1-36,RURAL,TECNICO,3.49566,-76.48134,REVERSO IMPRUDENTE,134,NO APLICA,CHOQUE,28,MASCULINO,NO APLICA,N/A,N/A,N/A,N/A,PUBLICO,N/A
DAÑOS,06/09/2022 12:00:00 AM,"2,022",1899-12-31T14:20:00.000,TARDE,JUEVES,DELICIAS,CARRERA 26 CALLE 26,URBANA,TECNICO,3.52312,-76.29787,ADELANTAR POR LA DERECHA,102,NO APLICA,CHOQUE,53,MASCULINO,NO APLICA,N/A,N/A,N/A,N/A,PARTICULAR,N/A
DAÑOS,03/11/2022 12:00:00 AM,"2,022",1899-12-31T13:00:00.000,TARDE,VIERNES,SANTA RITA,CARRERA 27 CALLE 37,URBANA,TECNICO,3.53345,-76.29695,FRENAR BRUSCAMENTE,119,NO APLICA,CHOQUE,64,MASCULINO,NO APLICA,N/A,N/A,N/A,N/A,PUBLICO,N/A
DAÑOS,05/17/2022 12:00:00 AM,"2,022",1899-12-31T20:20:00.000,NOCHE,MARTES,OLIMPICO,CALLE 25 CARRERA 41,URBANA,TECNICO,3.52332,-76.31023,NO RESPETAR PRELACION,123,NO APLICA,CHOQUE,38,MASCULINO,NO APLICA,N/A,N/A,N/A,N/A,PARTICULAR,N/A
DAÑOS,03/27/2022 12:00:00 AM,"2,022",1899-12-31T00:40:00.000,MADRUGADA,DOMINGO,COLOMBIA,CALLE 39 CARRERA 33,URBANA,TECNICO,3.5363,-76.30252,TRANSITAR EN CONTRA VIA,127,NO APLICA,CHOQUE,39,MASCULINO,NO APLICA,N/A,N/A,N/A,N/A,PUBLICO,N/A
DAÑOS,09/27/2022 12:00:00 AM,"2,022",1899-12-31T15:45:00.000,TARDE,MARTES,LORETO,CARRERA 35 CALLE 36-37,URBANA,TECNICO,3.53414,-76.3057,NO MANTENER DISTANCIA SEGURIDAD,121,NO APLICA,CHOQUE,35,MASCULINO,NO APLICA,N/A,N/A,N/A,N/A,PARTICULAR,N/A