CLASE ACCIDENTE,FECHA,AÑO,HORA,JORNADA,DIA_SEMANA,BARRIOS-CORREGIMIENTO- VIA,DIRECCION,ZONA,AUTORIDAD,LAT,LONG,HIPOTESIS,CODIGO,CONDICION DE LA VICTIMA,GRAVEDAD,EDAD,GENERO,LESIONADOS Y MUERTOS,CLINICA,CLASE VEHICULO,MARCA,MATRICULA,TIPO DE SERVICIO,EMPRESA
DAÑOS,03/08/2022 12:00:00 AM,"2,022",1899-12-31T20:50:00.000,NOCHE,MARTES,ZAMORANO,CALLE 65A CARRERA 28-141,URBANA,TECNICO,3.55285,-76.29468,NO ESTAR PENDIENTE DE LA VIA,157,NO APLICA,CHOQUE,55,MASCULINO,NO APLICA,N/A,N/A,N/A,N/A,PUBLICO,N/A
DAÑOS,02/07/2022 12:00:00 AM,"2,022",1899-12-31T14:10:00.000,TARDE,MIERCOLES,PRADO,CALLE 42 CARRERA 43 -44,URBANA,TECNICO,3.53887,-76.31334,NO MANTENER DISTANCIA SEGURIDAD,121,NO APLICA,CHOQUE,24,FEMENINA,NO APLICA,N/A,N/A,N/A,N/A,PARTICULAR,N/A
DAÑOS,03/19/2022 12:00:00 AM,"2,022",1899-12-31T16:02:00.000,TARDE,SABADO,LOS PINOS,CALLE 42 CARRERA 21-59,URBANA,TECNICO,3.53709,-76.29161,NO ESTAR PENDIENTE DE LA VIA,157,NO APLICA,CHOQUE,46,MASCULINO,NO APLICA,N/A,N/A,N/A,N/A,PARTICULAR,N/A
DAÑOS,06/13/2022 12:00:00 AM,"2,022",1899-12-31T16:30:00.000,TARDE,LUNES,VERSALLES,CALLE 43 CARRERA 28,URBANA,TECNICO,3.5392,-76.29086,REALIZAR GIRO SIN TOMAR PRECAUCIONES,157,NO APLICA,CHOQUE,47,MASCULINO,NO APLICA,N/A,N/A,N/A,N/A,PUBLICO,N/A
DAÑOS,09/30/2022 12:00:00 AM,"2,022",1899-12-31T17:20:00.000,TARDE,VIERNES,OBRERO,CALLE 36 CARRERA 24,URBANA,TECNICO,3.53242,-76.29481,DESOBEDECER SEÑAL DE PARE,112,NO APLICA,CHOQUE,45,MASCULINO,NO APLICA,N/A,N/A,N/A,N/A,PARTICULAR,N/A
DAÑOS,05/16/2022 12:00:00 AM,"2,022",1899-12-31T14:40:00.000,TARDE,LUNES,VERSALLES,CALLE 42 CARRERA 30,URBANA,TECNICO,3.53816,-76.29878,NO MANTENER DISTANCIA SEGURIDAD,121,NO APLICA,CHOQUE,36,MASCULINO,NO APLICA,N/A,N/A,N/A,N/A,PARTICULAR,N/A
DAÑOS,05/30/2022 12:00:00 AM,"2,022",1899-12-31T14:40:00.000,TARDE,LUNES,RINCON DE LAS FLORES,CARRERA 12 CALLE 20,URBANA,TECNICO,3.51823,-76.2857,NO ESTAR PENDIENTE DE LA VIA,157,NO APLICA,CHOQUE,35,FEMENINA,NO APLICA,N/A,N/A,N/A,N/A,PARTICULAR,N/A
DAÑOS,03/27/2022 12:00:00 AM,"2,022",1899-12-31T00:40:00.000,MADRUGADA,DOMINGO,COLOMBIA,CALLE 39 CARRERA 33,URBANA,TECNICO,3.5363,-76.30252,TRANSITAR EN CONTRA VIA,127,NO APLICA,CHOQUE,51,MASCULINO,NO APLICA,N/A,N/A,N/A,N/A,PARTICULAR,N/A
DAÑOS,03/28/2022 12:00:00 AM,"2,022",1899-12-31T07:00:00.000,MAÑANA,LUNES,RINCON DEL BOSQUE,CALLE 31 CARRERA 9,URBANA,TECNICO,3.52592,-76.28335,TRANSITA POR VIAS PROHIBIDAS,97,NO APLICA,CHOQUE,60,MASCULINO,NO APLICA,N/A,N/A,N/A,N/A,PARTICULAR,N/A
DAÑOS,02/03/2022 12:00:00 AM,"2,022",1899-12-31T12:30:00.000,TARDE,JUEVES,CENTRO,CALLE 27 CARRERA 30,URBANA,TECNICO,3.52472,-76.3012,DESOBEDECER SEÑAL DE PARE,112,NO APLICA,CHOQUE,41,MASCULINO,NO APLICA,N/A,N/A,N/A,N/A,PARTICULAR,N/A
DAÑOS,03/08/2022 12:00:00 AM,"2,022",1899-12-31T11:15:00.000,MAÑANA,MARTES,SAN PEDRO,CALLE 37 CARRERA 19,URBANA,TECNICO,3.53274,-76.2905,NO MANTENER DISTANCIA SEGURIDAD,121,NO APLICA,CHOQUE,41,MASCULINO,NO APLICA,N/A,N/A,N/A,N/A,PARTICULAR,N/A
DAÑOS,07/29/2022 12:00:00 AM,"2,022",1899-12-31T19:30:00.000,NOCHE,VIERNES,PRADO,CALLE 42 CARRERA 39,URBANA,TECNICO,3.53883,-76.31069,REVERSO IMPRUDENTE,134,NO APLICA,CHOQUE,24,MASCULINO,NO APLICA,N/A,N/A,N/A,N/A,PARTICULAR,N/A
DAÑOS,09/27/2022 12:00:00 AM,"2,022",1899-12-31T15:45:00.000,TARDE,MARTES,LORETO,CARRERA 35 CALLE 36-37,URBANA,TECNICO,3.53414,-76.3057,NO MANTENER DISTANCIA SEGURIDAD,121,NO APLICA,CHOQUE,36,MASCULINO,NO APLICA,N/A,N/A,N/A,N/A,PARTICULAR,N/A
DAÑOS,06/09/2022 12:00:00 AM,"2,022",1899-12-31T14:20:00.000,TARDE,JUEVES,DELICIAS,CARRERA 26 CALLE 26,URBANA,TECNICO,3.52312,-76.29787,FRENAR BRUSCAMENTE,119,NO APLICA,CHOQUE,16,MASCULINO,NO APLICA,N/A,N/A,N/A,N/A,PARTICULAR,N/A
DAÑOS,02/10/2022 12:00:00 AM,"2,022",1899-12-31T08:15:00.000,MAÑANA,JUEVES,VIA CORONADO  ROZO,KM 1+ 300 MTS,RURAL,TECNICO,3.56564,-76.3119,PERDIDA DEL CONTROL DEL VEHICULO,157,NO APLICA,CHOQUE OBJETO FIJO  ARBOL,34,MASCULINO,NO APLICA,N/A,N/A,N/A,N/A,PARTICULAR,N/A
DAÑOS,05/24/2022 12:00:00 AM,"2,022",1899-12-31T09:30:00.000,MAÑANA,MARTES,ITALIA,CARRERA 31 CALLE 6-7,URBANA,TECNICO,3.50635,-76.30846,ADELANTAR CERRANDO,103,NO APLICA,CHOQUE,53,MASCULINO,NO APLICA,N/A,N/A,N/A,N/A,PARTICULAR,N/A
DAÑOS,06/23/2022 12:00:00 AM,"2,022",1899-12-31T10:15:00.000,MAÑANA,JUEVES,OBRERO,CARRERA 29 CALLE 36-29,URBANA,TECNICO,3.53291,-76.29887,NO MANTENER DISTANCIA SEGURIDAD,121,NO APLICA,CHOQUE,52,MASCULINO,NO APLICA,N/A,N/A,N/A,N/A,PARTICULAR,N/A
DAÑOS,07/05/2022 12:00:00 AM,"2,022",1899-12-31T17:00:00.000,TARDE,MARTES,POBLADO COMFAUNION,CALLE 43 CARRERA 12-17,URBANA,TECNICO,3.53774,-76.28524,REVERSO IMPRUDENTE,134,NO APLICA,CHOQUE,31,MASCULINO,NO APLICA,N/A,N/A,N/A,N/A,PARTICULAR,N/A
DAÑOS,06/01/2022 12:00:00 AM,"2,022",1899-12-31T16:15:00.000,TARDE,MIERCOLES,BARRIO NUEVO,CARRERA 32 CALLE 23,URBANA,TECNICO,3.52149,-76.30339,NO MANTENER DISTANCIA SEGURIDAD,121,NO APLICA,CHOQUE,34,FEMENINA,NO APLICA,N/A,N/A,N/A,N/A,PARTICULAR,N/A
DAÑOS,10/02/2022 12:00:00 AM,"2,022",1899-12-31T15:40:00.000,TARDE,DOMINGO,ESTONIA,CALLE 42 CARRERA 31-02,URBANA,TECNICO,3.53832,-76.29997,NO MANTENER DISTANCIA SEGURIDAD,121,NO APLICA,CHOQUE,39,MASCULINO,NO APLICA,N/A,N/A,N/A,N/A,PARTICULAR,N/A
DAÑOS,02/11/2022 12:00:00 AM,"2,022",1899-12-31T14:30:00.000,TARDE,VIERNES,BENEDICTA,CARRERA 34B CALLE 48A,URBANA,TECNICO,3.54357,-76.30358,FRENAR BRUSCAMENTE,119,NO APLICA,CHOQUE,21,MASCULINO,NO APLICA,N/A,N/A,N/A,N/A,PARTICULAR,N/A
DAÑOS,07/14/2022 12:00:00 AM,"2,022",1899-12-31T23:10:00.000,NOCHE,JUEVES,MUNICIPAL,CARRERA 1 CALLE 32A,URBANA,TECNICO,3.52732,-76.27757,GIRAR SIN TOMAR LAS MEDIDAS DE PRECAUCION,157,NO APLICA,CHOQUE,37,MASCULINO,NO APLICA,N/A,N/A,N/A,N/A,PARTICULAR,N/A
DAÑOS,03/04/2022 12:00:00 AM,"2,022",1899-12-31T13:00:00.000,TARDE,VIERNES,LOS PINOS,CALLE 42 CARRERA 20-15,URBANA,TECNICO,3.53717,-76.29123,NO ESTAR PENDIENTE DE LA VIA,157,NO APLICA,CHOQUE,33,FEMENINA,NO APLICA,N/A,N/A,N/A,N/A,PARTICULAR,N/A
DAÑOS,06/22/2022 12:00:00 AM,"2,022",1899-12-31T18:30:00.000,TARDE,MIERCOLES,OBRERO,CALLE 32 CARRERA 25,URBANA,TECNICO,3.52847,-76.29611,ARRANCAR SIN PRECAUCION,145,NO APLICA,CHOQUE,20,MASCULINO,NO APLICA,N/A,N/A,N/A,N/A,PARTICULAR,N/A
DAÑOS,09/23/2022 12:00:00 AM,"2,022",1899-12-31T10:00:00.000,MAÑANA,VIERNES,CENTRO POBLADO BOYACA,CASA 673,RURAL,TECNICO,3.60487,-76.26298,SOBREPASAR EL VEHICULO ESTACIONADO,157,NO APLICA,CHOQUE,33,MASCULINO,NO APLICA,N/A,N/A,N/A,N/A,PARTICULAR,N/A
DAÑOS,04/20/2022 12:00:00 AM,"2,022",1899-12-31T17:00:00.000,TARDE,MIERCOLES,LIBERTADORES,CALLE 28 CARRERA 18,URBANA,TECNICO,3.5243,-76.29071,DESOBEDECER SEÑAL DE PARE,112,NO APLICA,CHOQUE,39,FEMENINA,NO APLICA,N/A,N/A,N/A,N/A,PARTICULAR,N/A
DAÑOS,04/19/2022 12:00:00 AM,"2,022",1899-12-31T07:45:00.000,MAÑANA,MARTES,VERSALLES,CALLE 42 CARRERA 31-80,URBANA,TECNICO,3.53842,-76.30052,ADELANTAR POR LA DERECHA,102,NO APLICA,CHOQUE,34,FEMENINA,NO APLICA,N/A,N/A,N/A,N/A,PARTICULAR,N/A
DAÑOS,06/22/2022 12:00:00 AM,"2,022",1899-12-31T18:30:00.000,TARDE,MIERCOLES,OBRERO,CALLE 32 CARRERA 25,URBANA,TECNICO,3.52847,-76.29611,ARRANCAR SIN PRECAUCION,145,NO APLICA,CHOQUE,38,FEMENINA,NO APLICA,N/A,N/A,N/A,N/A,PARTICULAR,N/A
DAÑOS,05/27/2022 12:00:00 AM,"2,022",1899-12-31T18:55:00.000,NOCHE,VIERNES,FRAY LUIS,CALLE 42 CARRERA 39,URBANA,TECNICO,3.53862,-76.31785,NO MANTENER DISTANCIA SEGURIDAD,121,NO APLICA,CHOQUE,35,FEMENINA,NO APLICA,N/A,N/A,N/A,N/A,PARTICULAR,N/A
DAÑOS,07/27/2022 12:00:00 AM,"2,022",1899-12-31T16:00:00.000,TARDE,MIERCOLES,TREBOL,CARRERA 21 CALLE 26A,URBANA,TECNICO,3.52312,-76.29386,DESOBEDECER SEÑAL DE PARE,112,NO APLICA,CHOQUE,27,MASCULINO,NO APLICA,N/A,N/A,N/A,N/A,PARTICULAR,N/A
DAÑOS,12/03/2022 12:00:00 AM,"2,022",1899-12-31T17:10:00.000,TARDE,SABADO,URIBE,CALLE 31 CARRERA 22,URBANA,TECNICO,3.52728,-76.29376,DESOBEDECER SEÑAL DE PARE,112,NO APLICA,CHOQUE,31,MASCULINO,NO APLICA,N/A,N/A,N/A,N/A,PARTICULAR,N/A
DAÑOS,12/03/2022 12:00:00 AM,"2,022",1899-12-31T17:10:00.000,TARDE,SABADO,URIBE,CALLE 31 CARRERA 22,URBANA,TECNICO,3.52728,-76.29376,DESOBEDECER SEÑAL DE PARE,112,NO APLICA,CHOQUE,49,MASCULINO,NO APLICA,N/A,N/A,N/A,N/A,PARTICULAR,N/A
DAÑOS,12/04/2022 12:00:00 AM,"2,022",1899-12-31T22:40:00.000,NOCHE,DOMINGO,VERSALLES,CALLE 42 CARRERA 25-27,URBANA,TECNICO,3.53768,-76.29479,NO MANTENER DISTANCIA SEGURIDAD,121,NO APLICA,CHOQUE,46,MASCULINO,NO APLICA,N/A,N/A,N/A,N/A,PARTICULAR,N/A
DAÑOS,12/04/2022 12:00:00 AM,"2,022",1899-12-31T22:40:00.000,NOCHE,DOMINGO,VERSALLES,CALLE 42 CARRERA 25-27,URBANA,TECNICO,3.53768,-76.29479,NO MANTENER DISTANCIA SEGURIDAD,121,NO APLICA,CHOQUE,29,MASCULINO,NO APLICA,N/A,N/A,N/A,N/A,PARTICULAR,N/A
DAÑOS,12/10/2022 12:00:00 AM,"2,022",1899-12-31T13:10:00.000,TARDE,SABADO,INDUSTRIAL,CALLE 42 CARRERA 35,URBANA,TECNICO,3.53874,-76.30675,ADELANTAR POR LA DERECHA,102,NO APLICA,CHOQUE,31,MASCULINO,NO APLICA,N/A,N/A,N/A,N/A,OFICIAL,N/A
DAÑOS,12/10/2022 12:00:00 AM,"2,022",1899-12-31T13:10:00.000,TARDE,SABADO,INDUSTRIAL,CALLE 42 CARRERA 35,URBANA,TECNICO,3.53874,-76.30675,ADELANTAR POR LA DERECHA,102,NO APLICA,CHOQUE,25,MASCULINO,NO APLICA,N/A,N/A,N/A,N/A,PUBLICO,N/A
DAÑOS,12/08/2022 12:00:00 AM,"2,022",1899-12-31T14:00:00.000,TARDE,JUEVES,URIBE,CALLE 33 CARRERA 21,URBANA,TECNICO,3.52946,-76.29262,DESOBEDECER SEÑAL DE PARE,112,NO APLICA,CHOQUE,58,MASCULINO,NO APLICA,N/A,N/A,N/A,N/A,PARTICULAR,N/A
DAÑOS,12/08/2022 12:00:00 AM,"2,022",1899-12-31T14:00:00.000,TARDE,JUEVES,URIBE,CALLE 33 CARRERA 21,URBANA,TECNICO,3.52946,-76.29262,DESOBEDECER SEÑAL DE PARE,112,NO APLICA,CHOQUE,54,MASCULINO,NO APLICA,N/A,N/A,N/A,N/A,PARTICULAR,N/A
DAÑOS,12/07/2022 12:00:00 AM,"2,022",1899-12-31T17:30:00.000,TARDE,MIERCOLES,LOS PINOS,CALLE 40 CARRERA 23,URBANA,TECNICO,3.53576,-76.29325,DESOBEDECER SEÑAL DE PARE,112,NO APLICA,CHOQUE,72,MASCULINO,NO APLICA,N/A,N/A,N/A,N/A,PARTICULAR,N/A
DAÑOS,12/07/2022 12:00:00 AM,"2,022",1899-12-31T17:30:00.000,TARDE,MIERCOLES,LOS PINOS,CALLE 40 CARRERA 23,URBANA,TECNICO,3.53576,-76.29325,DESOBEDECER SEÑAL DE PARE,112,NO APLICA,CHOQUE,50,MASCULINO,NO APLICA,N/A,N/A,N/A,N/A,PARTICULAR,N/A
DAÑOS,12/07/2022 12:00:00 AM,"2,022",1899-12-31T11:45:00.000,MAÑANA,MIERCOLES,OBRERO,CARRERA 26 CALLE 37-101,URBANA,TECNICO,3.53406,-76.29602,PERDIDA DEL CONTROL DEL VEHICULO,157,NO APLICA,CHOQUE OBJETO FJO VEHICULO,27,MASCULINO,NO APLICA,N/A,N/A,N/A,N/A,PARTICULAR,N/A
DAÑOS,12/07/2022 12:00:00 AM,"2,022",1899-12-31T11:45:00.000,MAÑANA,MIERCOLES,OBRERO,CARRERA 26 CALLE 37-101,URBANA,TECNICO,3.53406,-76.29602,PERDIDA DEL CONTROL DEL VEHICULO,157,NO APLICA,CHOQUE OBJETO FJO VEHICULO,75,FEMENINA,NO APLICA,N/A,N/A,N/A,N/A,PARTICULAR,N/A
DAÑOS,12/12/2022 12:00:00 AM,"2,022",1899-12-31T08:40:00.000,MAÑANA,LUNES,PRIMERO DE MAYO,CALLE 41 CARRERA 9,URBANA,TECNICO,3.53629,-76.28231,DESOBEDECER SEÑAL DE PARE,112,NO APLICA,CHOQUE,55,MASCULINO,NO APLICA,N/A,N/A,N/A,N/A,PUBLICO,N/A
DAÑOS,12/12/2022 12:00:00 AM,"2,022",1899-12-31T08:40:00.000,MAÑANA,LUNES,PRIMERO DE MAYO,CALLE 41 CARRERA 9,URBANA,TECNICO,3.53629,-76.28231,DESOBEDECER SEÑAL DE PARE,112,NO APLICA,CHOQUE,31,FEMENINA,NO APLICA,N/A,N/A,N/A,N/A,PARTICULAR,N/A
DAÑOS,12/12/2022 12:00:00 AM,"2,022",1899-12-31T11:00:00.000,MAÑANA,LUNES,SANTA RITA,CALLE 36 CARRERA 27,URBANA,TECNICO,3.53262,-76.29703,SEMAFORO EN ROJO,142,NO APLICA,CHOQUE,47,MASCULINO,NO APLICA,N/A,N/A,N/A,N/A,PARTICULAR,N/A
DAÑOS,12/12/2022 12:00:00 AM,"2,022",1899-12-31T11:00:00.000,MAÑANA,LUNES,SANTA RITA,CALLE 36 CARRERA 27,URBANA,TECNICO,3.53262,-76.29703,SEMAFORO EN ROJO,142,NO APLICA,CHOQUE,70,MASCULINO,NO APLICA,N/A,N/A,N/A,N/A,PARTICULAR,N/A
DAÑOS,12/13/2022 12:00:00 AM,"2,022",1899-12-31T09:30:00.000,MAÑANA,MARTES,ZAMORANO,CARRERA 28 CALLE 69-67,URBANA,TECNICO,3.55563,-76.29184,NO MANTENER DISTANCIA SEGURIDAD,121,NO APLICA,CHOQUE,41,MASCULINO,NO APLICA,N/A,N/A,N/A,N/A,PUBLICO,N/A
DAÑOS,12/13/2022 12:00:00 AM,"2,022",1899-12-31T09:30:00.000,MAÑANA,MARTES,ZAMORANO,CARRERA 28 CALLE 69-67,URBANA,TECNICO,3.55563,-76.29184,NO MANTENER DISTANCIA SEGURIDAD,121,NO APLICA,CHOQUE,31,MASCULINO,NO APLICA,N/A,N/A,N/A,N/A,PUBLICO,N/A
DAÑOS,12/16/2022 12:00:00 AM,"2,022",1899-12-31T12:30:00.000,TARDE,VIERNES,SAMANES,CARRERA 28 CALLE 47-11,URBANA,TECNICO,3.5425,-76.29656,NO MANTENER DISTANCIA SEGURIDAD,121,NO APLICA,CHOQUE,50,MASCULINO,NO APLICA,N/A,N/A,N/A,N/A,PARTICULAR,N/A
DAÑOS,12/16/2022 12:00:00 AM,"2,022",1899-12-31T12:30:00.000,TARDE,VIERNES,SAMANES,CARRERA 28 CALLE 47-11,URBANA,TECNICO,3.5425,-76.29656,NO MANTENER DISTANCIA SEGURIDAD,121,NO APLICA,CHOQUE,59,MASCULINO,NO APLICA,N/A,N/A,N/A,N/A,PUBLICO,N/A
DAÑOS,12/20/2022 12:00:00 AM,"2,022",1899-12-31T23:30:00.000,NOCHE,MARTES,URIBE,CALLE 30 CARRERA 20,URBANA,TECNICO,3.52612,-76.29219,DESOBEDECER SEÑAL DE PARE,112,NO APLICA,CHOQUE,27,MASCULINO,NO APLICA,N/A,N/A,N/A,N/A,PARTICULAR,N/A
DAÑOS,12/20/2022 12:00:00 AM,"2,022",1899-12-31T23:30:00.000,NOCHE,MARTES,URIBE,CALLE 30 CARRERA 20,URBANA,TECNICO,3.52612,-76.29219,DESOBEDECER SEÑAL DE PARE,112,NO APLICA,CHOQUE,20,MASCULINO,NO APLICA,N/A,N/A,N/A,N/A,PARTICULAR,N/A
DAÑOS,12/23/2022 12:00:00 AM,"2,022",1899-12-31T05:00:00.000,MADRUGADA,VIERNES,SANTA BARBARA,CALLE 31 CARRERA 44,URBANA,TECNICO,3.52943,-76.31695,PERDIDA DEL CONTROL DEL VEHICULO,157,NO APLICA,CHOQUE OBJETO FIJO POSTE,20,MASCULINO,NO APLICA,N/A,N/A,N/A,N/A,PARTICULAR,N/A
DAÑOS,12/26/2022 12:00:00 AM,"2,022",1899-12-31T10:50:00.000,MAÑANA,LUNES,MERCEDES,CARRERA 28 CALLE 52 -53,URBANA,TECNICO,3.54533,-76.2962,NO MANTENER DISTANCIA SEGURIDAD,121,NO APLICA,CHOQUE,38,MASCULINO,NO APLICA,N/A,N/A,N/A,N/A,PUBLICO,N/A
DAÑOS,12/26/2022 12:00:00 AM,"2,022",1899-12-31T10:50:00.000,MAÑANA,LUNES,MERCEDES,CARRERA 28 CALLE 52 -53,URBANA,TECNICO,3.54533,-76.2962,NO MANTENER DISTANCIA SEGURIDAD,121,NO APLICA,CHOQUE,72,MASCULINO,NO APLICA,N/A,N/A,N/A,N/A,PUBLICO,N/A
DAÑOS,12/27/2022 12:00:00 AM,"2,022",1899-12-31T19:10:00.000,NOCHE,MARTES,COLOMBINA,CALLE 29 CARRERA 15,URBANA,TECNICO,3.52402,-76.28807,PONER EN MARCHA VEHICULO SIN PRECAUCION,143,NO APLICA,CHOQUE,46,FEMENINA,NO APLICA,N/A,N/A,N/A,N/A,PARTICULAR,N/A
DAÑOS,12/27/2022 12:00:00 AM,"2,022",1899-12-31T19:10:00.000,NOCHE,MARTES,COLOMBINA,CALLE 29 CARRERA 15,URBANA,TECNICO,3.52402,-76.28807,PONER EN MARCHA VEHICULO SIN PRECAUCION,143,NO APLICA,CHOQUE,52,FEMENINA,NO APLICA,N/A,N/A,N/A,N/A,PARTICULAR,N/A
DAÑOS,12/31/2022 12:00:00 AM,"2,022",1899-12-31T08:10:00.000,MAÑANA,SABADO,EMILIA,CALLE 36 CARRERA 37,URBANA,TECNICO,3.53376,-76.30738,TRANSITAR EN CONTRA VIA,127,NO APLICA,CHOQUE,40,MASCULINO,NO APLICA,N/A,N/A,N/A,N/A,PARTICULAR,N/A
DAÑOS,12/31/2022 12:00:00 AM,"2,022",1899-12-31T08:10:00.000,MAÑANA,SABADO,EMILIA,CALLE 36 CARRERA 37,URBANA,TECNICO,3.53376,-76.30738,TRANSITAR EN CONTRA VIA,127,NO APLICA,CHOQUE,56,MASCULINO,NO APLICA,N/A,N/A,N/A,N/A,PARTICULAR,N/A
DAÑOS,01/05/2023 12:00:00 AM,"2,023",1899-12-31T12:00:00.000,TARDE,JUEVES,COLOMBIA,CALLE 37 CARRERA 33,URBANA,TECNICO,3.53433,-76.30269,DESOBEDECER SEÑAL,112,NO APLICA,CHOQUE,47,MASCULINO,NO APLICA,N/A,N/A,N/A,N/A,PARTICULAR,N/A
DAÑOS,01/05/2023 12:00:00 AM,"2,023",1899-12-31T12:00:00.000,TARDE,JUEVES,COLOMBIA,CALLE 37 CARRERA 33,URBANA,TECNICO,3.53433,-76.30269,DESOBEDECER SEÑAL,112,NO APLICA,CHOQUE,26,MASCULINO,NO APLICA,N/A,N/A,N/A,N/A,PARTICULAR,N/A
DAÑOS,01/07/2023 12:00:00 AM,"2,023",1899-12-31T22:20:00.000,NOCHE,SABADO,BARRIO NUEVO,CALLE 18 CARRERA 31,URBANA,TECNICO,3.51709,-76.30348,DESOBEDECER SEÑAL,112,NO APLICA,CHOQUE,49,MASCULINO,NO APLICA,N/A,N/A,N/A,N/A,PUBLICO,N/A
DAÑOS,01/07/2023 12:00:00 AM,"2,023",1899-12-31T22:20:00.000,NOCHE,SABADO,BARRIO NUEVO,CALLE 18 CARRERA 31,URBANA,TECNICO,3.51709,-76.30348,DESOBEDECER SEÑAL,112,NO APLICA,CHOQUE,40,MASCULINO,NO APLICA,N/A,N/A,N/A,N/A,PARTICULAR,N/A
DAÑOS,01/11/2023 12:00:00 AM,"2,023",1899-12-31T18:30:00.000,NOCHE,MIERCOLES,INDUSTRIAL,CALLE 42 CARRERA 35,URBANA,TECNICO,3.53874,-76.30687,MALA UTILIZACION DEL CARRIL,157,NO APLICA,CHOQUE,43,MASCULINO,NO APLICA,N/A,N/A,N/A,N/A,PARTICULAR,N/A
DAÑOS,01/11/2023 12:00:00 AM,"2,023",1899-12-31T18:30:00.000,NOCHE,MIERCOLES,INDUSTRIAL,CALLE 42 CARRERA 35,URBANA,TECNICO,3.53874,-76.30687,MALA UTILIZACION DEL CARRIL,157,NO APLICA,CHOQUE,47,MASCULINO,NO APLICA,N/A,N/A,N/A,N/A,PARTICULAR,N/A
DAÑOS,01/17/2023 12:00:00 AM,"2,023",1899-12-31T07:20:00.000,MAÑANA,MARTES,BERLIN,CARRERA 31 CALLE 46-22,URBANA,TECNICO,3.52926,-76.31705,CAMBIO DE CARRIL SIN PRECAUCION,157,NO APLICA,CHOQUE,62,MASCULINO,NO APLICA,N/A,N/A,N/A,N/A,PARTICULAR,N/A
DAÑOS,01/17/2023 12:00:00 AM,"2,023",1899-12-31T07:20:00.000,MAÑANA,MARTES,BERLIN,CARRERA 31 CALLE 46-22,URBANA,TECNICO,3.52926,-76.31705,CAMBIO DE CARRIL SIN PRECAUCION,157,NO APLICA,CHOQUE,53,MASCULINO,NO APLICA,N/A,N/A,N/A,N/A,OFICIAL,N/A
DAÑOS,01/22/2023 12:00:00 AM,"2,023",1899-12-31T11:40:00.000,MAÑANA,DOMINGO,SESQUI,CARRERA 32 CALLE 10,URBANA,TECNICO,3.50969,-76.30756,NO ESTAR PENDIENTE DE LA VIA,157,NO APLICA,CHOQUE,27,MASCULINO,NO APLICA,N/A,N/A,N/A,N/A,PARTICULAR,N/A
DAÑOS,01/22/2023 12:00:00 AM,"2,023",1899-12-31T11:40:00.000,MAÑANA,DOMINGO,SESQUI,CARRERA 32 CALLE 10,URBANA,TECNICO,3.50969,-76.30756,NO ESTAR PENDIENTE DE LA VIA,157,NO APLICA,CHOQUE,32,FEMENINA,NO APLICA,N/A,N/A,N/A,N/A,PARTICULAR,N/A
DAÑOS,01/23/2023 12:00:00 AM,"2,023",1899-12-31T23:00:00.000,NOCHE,LUNES,RESERVAS DE ZAMORANO,CALLE 65 CARRERA 35,URBANA,TECNICO,3.55041,-76.3056,INVADIR CARRIL QUE VIENE EN SENTIDO CONTRARIO,157,NO APLICA,CHOQUE,41,MASCULINO,NO APLICA,N/A,N/A,N/A,N/A,PARTICULAR,N/A
DAÑOS,01/23/2023 12:00:00 AM,"2,023",1899-12-31T23:00:00.000,NOCHE,LUNES,RESERVAS DE ZAMORANO,CALLE 65 CARRERA 35,URBANA,TECNICO,3.55041,-76.3056,INVADIR CARRIL QUE VIENE EN SENTIDO CONTRARIO,157,NO APLICA,CHOQUE,50,MASCULINO,NO APLICA,N/A,N/A,N/A,N/A,PARTICULAR,N/A
DAÑOS,01/26/2023 12:00:00 AM,"2,023",1899-12-31T20:20:00.000,NOCHE,JUEVES,PORTAL DE LAS PALMAS,CALLE 47 CARRERA 44-45,URBANA,TECNICO,3.54151,-76.31667,NO MANTENER DISTANCIA DE SEGURIDAD,121,NO APLICA,CHOQUE,28,MASCULINO,NO APLICA,N/A,N/A,N/A,N/A,PARTICULAR,N/A
DAÑOS,01/26/2023 12:00:00 AM,"2,023",1899-12-31T20:20:00.000,NOCHE,JUEVES,PORTAL DE LAS PALMAS,CALLE 47 CARRERA 44-45,URBANA,TECNICO,3.54151,-76.31667,NO MANTENER DISTANCIA DE SEGURIDAD,121,NO APLICA,CHOQUE,56,MASCULINO,NO APLICA,N/A,N/A,N/A,N/A,PARTICULAR,N/A